Bairro;Valor;Quartos;Área;Vagas;Banheiros
Altiplano Cabo Branco;R$ 7.500;4;216;4;4
Intermares;R$ 1.600;1;;1;1
Altiplano Cabo Branco;R$ 2.000;3;100;2;2
Varjão;R$ 850;2;;1;2
Jardim Oceania;R$ 1.300;2;56;1;2
Cabo Branco;R$ 2.300;1;49;1;1
Tambaú;R$ 3.900;4;165;1;3
Gramame;R$ 750;2;58;1;2
Torre;R$ 1.080;2;40;1;1
Jardim Oceania;R$ 2.200;2;54;1;2
Jardim Cidade Universitária;R$ 1.450;2;60;1;2
Jardim Cidade Universitária;R$ 1.450;3;71;2;2
Altiplano Cabo Branco;R$ 7.500;3;220;4;5
Jardim Oceania;R$ 2.000;1;36;1;1
Aeroclube;R$ 2.300;1;44;1;1
Jardim Cidade Universitária;R$ 1.400;2;58;1;2
Aeroclube;R$ 3.000;3;105;2;3
Jardim Cidade Universitária;R$ 2.500;2;70;1;2
Cabo Branco;R$ 6.200;4;219;3;2
Estados;R$ 1.300;2;69;1;2
Mangabeira;R$ 1.000;2;60;1;2
Cabo Branco;R$ 4.500;2;71;0;2
Manaíra;R$ 1.800;1;48;1;1
Bancários;R$ 1.500;2;53;1;2
Ernani Sátiro;R$ 600;2;;0;
Jardim Cidade Universitária;R$ 1.100;2;60;1;2
Jardim Oceania;R$ 2.800;2;65;2;2
Tambaú;R$ 3.000;2;48;1;2
Cabo Branco;R$ 2.700;2;63;1;2
Planalto Boa Esperança;R$ 480;2;70;1;2
Jardim Cidade Universitária;R$ 650;3;;1;2
Bessa;R$ 2.000;1;39;1;1
Tambaú;R$ 7.500;4;140;3;2
Jardim Oceania;R$ 3.400;2;50;0;2
Jardim Oceania;R$ 2.800;2;70;1;2
Cabo Branco;R$ 3.000;1;15;1;1
Camboinha;R$ 250;2;73;1;2
Cabo Branco;R$ 300;2;60;1;2
Manaíra;R$ 300;2;60;1;2
Tambaú;R$ 1.800;2;77;1;1
Intermares;R$ 1.850;1;38;1;1
Manaíra;R$ 3.800;3;112;2;1
Bessa;R$ 1.600;3;70;1;3
Mangabeira;R$ 800;2;50;1;2
Jardim Oceania;R$ 2.500;2;62;1;2
Tambaú;R$ 760;2;195;2;2
Jardim Cidade Universitária;R$ 1.650;2;60;1;2
Manaíra;R$ 2.200;3;71;1;2
Miramar;R$ 4.000;4;131;2;4
Miramar;R$ 3.200;2;60;1;2
Cabo Branco;R$ 7.400;3;133;1;1
Jardim Cidade Universitária;R$ 1.730;2;50;1;2
Anatólia;R$ 1.700;3;70;1;2
Tambaú;R$ 2.100;1;42;1;1
Bessa;R$ 2.500;3;100;1;2
Ernani Sátiro;R$ 650;2;45;1;1
Aeroclube;R$ 2.000;3;77;1;3
Miramar;R$ 1.500;3;98;1;1
Altiplano Cabo Branco;R$ 6.800;3;134;2;5
Cabo Branco;R$ 2.500;1;36;1;1
Cristo Redentor;R$ 864;2;51;1;2
Ponta de Campina;R$ 1.500;2;65;1;1
Cabo Branco;R$ 3.500;2;70;1;2
Cidade dos Colibris;R$ 750;2;58;1;2
Jardim Cidade Universitária;R$ 1.650;2;60;1;1
Tambaú;R$ 5.500;3;117;3;3
Cabo Branco;R$ 5.000;4;218;3;5
Cabo Branco;R$ 11.000;4;440;0;5
Bessa;R$ 1.300;2;55;1;2
Jardim Oceania;R$ 3.300;3;80;1;2
Cabo Branco;R$ 3.900;2;57;1;2
Água Fria;R$ 1.500;3;78;1;2
Cabo Branco;R$ 3.000;1;37;1;1
Castelo Branco;R$ 80;1;40;1;1
Altiplano Cabo Branco;R$ 3.900;3;89;2;2
Cabo Branco;R$ 6.500;4;270;4;5
Altiplano Cabo Branco;R$ 12.000;4;335;0;5
Cristo Redentor;R$ 900;2;60;1;2
Anatólia;R$ 1.500;2;56;1;2
Cabo Branco;R$ 2.400;1;50;1;1
Tambaú;R$ 2.300;1;37;1;1
Bessa;R$ 1.500;3;75;1;2
Cabo Branco;R$ 4.500;2;74;4;1
Água Fria;R$ 1.200;2;55;1;2
Torre;R$ 1.400;2;55;1;2
Miramar;R$ 1.350;2;53;1;1
Bancários;R$ 1.500;2;55;1;2
Jardim Cidade Universitária;R$ 1.450;2;60;1;1
Jardim Oceania;R$ 205;1;30;1;1
Manaíra;R$ 2.100;3;77;1;2
Jardim Oceania;R$ 2.490;1;35;1;1
Tambaú;R$ 6.000;1;38;1;1
Distrito Industrial;R$ 500;2;;1;2
Altiplano Cabo Branco;R$ 2.200;1;44;1;1
Miramar;R$ 1.800;1;49;1;2
Cabo Branco;R$ 3.000;2;58;1;2
Bessa;R$ 2.000;2;63;1;1
Bessa;R$ 2.000;2;63;1;1
Paratibe;R$ 450;2;58;1;2
Altiplano Cabo Branco;R$ 2.680;2;55;1;1
Valentina de Figueiredo;R$ 950;3;59;1;2
Cabo Branco;R$ 3.000;1;38;1;1
Cuiá;R$ 1.100;2;60;1;2
Mangabeira;R$ 700;2;58;1;1
Cabo Branco;R$ 2.100;2;67;2;2
Aeroclube;R$ 2.200;3;75;1;2
Bessa;R$ 3.500;3;65;1;3
Jardim Oceania;R$ 2.400;3;100;1;2
Bessa;R$ 1.900;1;38;0;1
Cabo Branco;R$ 2.500;3;85;1;1
Tambaú;R$ 3.600;3;152;2;4
Gramame;R$ 500;2;48;1;1
Intermares;R$ 2.200;3;70;2;2
Intermares;R$ 1.900;1;45;1;1
Manaíra;R$ 3.555;3;165;2;4
Miramar;R$ 2.100;1;37;1;1
Cabo Branco;R$ 2.300;2;60;1;2
Gramame;R$ 550;2;51;1;2
Mangabeira;R$ 511;2;64;1;2
Cristo Redentor;R$ 500;2;35;1;1
Bessa;R$ 2.000;2;63;1;1
Tambaú;R$ 2.500;2;50;1;1
Valentina de Figueiredo;R$ 670;2;61;1;2
Bessa;R$ 2.200;1;32;1;1
Jardim Oceania;R$ 2.800;3;88;1;2
Aeroclube;R$ 1.400;2;62;1;2
José Américo de Almeida;R$ 700;2;47;1;1
João Agripino;R$ 2.450;3;82;2;2
Gramame;R$ 500;2;56;1;1
Bessa;R$ 2.200;1;17;1;1
Manaíra;R$ 2.750;3;130;1;2
Manaíra;R$ 5.000;4;233;3;5
Tambaú;R$ 3.500;2;58;1;1
Miramar;R$ 4.000;3;90;2;4
Jardim Cidade Universitária;R$ 1.200;2;50;1;2
Bessa;R$ 1.800;1;36;1;1
Bessa;R$ 2.000;2;63;1;1
Bessa;R$ 2.200;1;49;1;1
Jardim São Paulo;R$ 0;2;58;1;2
Cristo Redentor;R$ 550;2;52;1;2
Estados;R$ 4.100;3;79;2;3
Jardim São Paulo;R$ 1.000;2;60;1;2
Cruz das Armas;R$ 700;2;;1;1
Cabo Branco;R$ 1.800;1;30;1;1
Jardim Cidade Universitária;R$ 900;3;;1;2
Estados;R$ 2.500;2;60;2;2
Jardim Oceania;R$ 3.400;3;80;2;2
Altiplano Cabo Branco;R$ 4.900;3;70;2;2
Tambaú;R$ 5.000;2;48;1;1
Cabo Branco;R$ 2.500;1;45;1;1
Jardim Cidade Universitária;R$ 1.100;3;80;1;2
Tambaú;R$ 2.800;3;60;1;2
Manaíra;R$ 3.300;3;52;1;2
Jardim Oceania;R$ 4.000;3;;2;2
João Agripino;R$ 2.270;3;80;2;2
Brisamar;R$ 3.000;3;83;2;3
Estados;R$ 7.500;4;147;2;5
Miramar;R$ 2.900;3;101;2;2
Cabo Branco;R$ 2.400;1;33;1;1
Cabo Branco;R$ 3.500;2;80;1;2
Cabo Branco;R$ 2.700;2;60;1;2
João Agripino;R$ 2.500;3;82;2;2
Mangabeira;R$ 900;2;;1;2
Ernesto Geisel;R$ 450;1;;0;1
Manaíra;R$ 3.200;4;134;0;3
Ponta de Campina;R$ 3.200;3;156;1;4
Jardim Oceania;R$ 2.000;1;35;1;1
Brisamar;R$ 5.000;3;110;2;3
Ponta de Campina;R$ 2.900;3;156;2;4
Jardim Cidade Universitária;R$ 1.350;3;70;1;1
Altiplano Cabo Branco;R$ 1.300;2;57;1;2
Altiplano Cabo Branco;R$ 1.250;2;57;1;2
Castelo Branco;R$ 850;2;60;1;2
Manaíra;R$ 5.500;4;265;3;4
Altiplano Cabo Branco;R$ 8.969;3;272;4;5
Bancários;R$ 1.300;2;52;1;2
Manaíra;R$ 3.200;4;109;1;3
Ernesto Geisel;R$ 850;2;55;1;1
Cidade dos Colibris;R$ 700;2;60;1;2
Cabo Branco;R$ 4.775;4;195;4;5
Gramame;R$ 600;2;50;1;2
Intermares;R$ 2.600;2;62;2;1
Jardim Oceania;R$ 4.000;3;109;2;4
José Américo de Almeida;R$ 900;2;65;1;2
Altiplano Cabo Branco;R$ 1.800;3;68;1;2
Ernani Sátiro;R$ 750;2;48;1;1
Bessa;R$ 1.550;3;89;1;1
Manaíra;R$ 2.800;3;90;1;2
Jaguaribe;R$ 150.000;4;150;1;2
Jardim Oceania;R$ 1.300;2;64;1;2
Bancários;R$ 1.000;2;55;1;2
José Américo de Almeida;R$ 700;2;60;1;2
Bessa;R$ 1.900;1;35;1;1
Manaíra;R$ 3.000;3;130;2;4
Jardim Cidade Universitária;R$ 700;2;70;1;2
Portal do Sol;R$ 1.300;3;70;1;2
Intermares;R$ 200;1;22;1;1
Manaíra;R$ 3.000;3;100;2;3
Bessa;R$ 1.900;1;38;0;1
Tambaú;R$ 4.000;3;100;2;3
Brisamar;R$ 2.500;2;70;1;2
Manaíra;R$ 1.950;3;68;1;2
Miramar;R$ 3.000;2;60;1;2
Tambaú;R$ 2.300;3;120;1;3
Manaíra;R$ 2.500;2;60;1;2
Água Fria;R$ 1.100;2;56;1;2
Valentina de Figueiredo;R$ 850;2;100;1;1
Tambauzinho;R$ 5.500;3;140;2;4
Pedro Gondim;R$ 3.200;2;65;1;2
Estados;R$ 1.500;2;86;1;2
Água Fria;R$ 1.300;3;75;1;2
Tambaú;R$ 1.950;2;67;1;2
Manaíra;R$ 3.600;4;95;2;3
Manaíra;R$ 1.600;1;39;0;1
Tambaú;R$ 2.600;3;98;1;3
Bessa;R$ 3.500;2;58;1;2
Pedro Gondim;R$ 1.400;1;42;1;1
Varjão;R$ 690;2;50;1;1
Poço;R$ 2.300;2;60;1;2
Bessa;R$ 2.000;2;63;1;1
Cabo Branco;R$ 5.000;4;240;2;5
Jardim Oceania;R$ 3.650;2;65;2;1
Cristo Redentor;;2;;1;2
Cabo Branco;R$ 4.500;2;74;1;2
Bessa;R$ 1.300;3;80;1;2
Cabo Branco;R$ 3.600;2;57;1;2
Manaíra;R$ 2.800;3;76;1;2
Manaíra;R$ 2.200;3;97;1;2
Tambaú;R$ 630;2;65;1;2
Altiplano Cabo Branco;R$ 1.450;2;54;1;2
Portal do Sol;;2;;1;
Jardim Oceania;R$ 4.500;3;82;1;1
Ponta de Campina;R$ 4.000;2;69;1;2
Manaíra;R$ 350;1;64;1;1
Bancários;R$ 1.700;3;62;1;1
Jaguaribe;R$ 1.050;2;65;1;1
Aeroclube;R$ 1.700;2;74;1;2
José Américo de Almeida;R$ 900;2;64;1;2
Cuiá;R$ 1.100;2;60;1;2
Tambauzinho;R$ 1.800;3;72;1;2
Tambaú;R$ 400;2;55;1;2
Jardim Cidade Universitária;R$ 1.250;2;48;1;2
Jardim Oceania;R$ 3.000;3;90;1;3
Treze de Maio;R$ 1.800;2;54;1;2
Bessa;R$ 2.000;2;63;1;1
Bessa;R$ 2.000;2;63;1;1
Jardim Cidade Universitária;R$ 1.100;3;75;0;2
Altiplano Cabo Branco;R$ 2.700;2;64;2;1
Miramar;R$ 5.500;4;230;3;5
Manaíra;R$ 1.100;1;50;0;1
Altiplano Cabo Branco;R$ 13.200;4;335;4;5
Poço;R$ 1.300;3;91;1;2
Jardim São Paulo;R$ 750;1;35;1;1
Manaíra;R$ 3.800;;170;2;4
Cabo Branco;R$ 4.500;3;90;2;2
Ernani Sátiro;R$ 750;2;48;1;1
Jardim Oceania;R$ 4.500;2;65;1;2
Gramame;R$ 600;2;;1;1
Jardim Oceania;R$ 3.200;3;82;2;3
Cabo Branco;R$ 3.600;2;60;1;2
Tambaú;R$ 1.900;2;60;2;2
Manaíra;R$ 2.300;2;85;1;2
Manaíra;R$ 200;1;37;1;1
Jardim Cidade Universitária;R$ 1.450;2;60;1;2
Tambaú;R$ 250;1;33;1;1
Cidade dos Colibris;R$ 900;2;60;1;1
Cabo Branco;R$ 3.700;3;135;0;1
Bessa;R$ 1.900;1;37;1;1
Aeroclube;R$ 3.200;3;80;1;3
Cabo Branco;R$ 4.000;2;70;1;2
Cidade dos Colibris;R$ 1.200;3;73;1;2
Miramar;R$ 2.800;3;113;2;4
Altiplano Cabo Branco;R$ 4.500;2;65;2;2
Cabo Branco;R$ 2.600;1;44;1;1
Jardim Oceania;R$ 550;2;70;1;2
Estados;R$ 2.300;3;77;2;3
Altiplano Cabo Branco;R$ 4.050;3;92;2;2
Brisamar;R$ 3.500;2;56;2;2
Manaíra;R$ 2.300;1;45;1;1
Miramar;R$ 2.500;3;145;2;4
Jardim Cidade Universitária;R$ 1.500;2;53;1;2
Expedicionários;R$ 1.665;2;60;0;1
Valentina de Figueiredo;R$ 1.600;2;;1;2
Miramar;R$ 4.850;3;113;3;4
Jardim Veneza;;2;;1;2
Cabo Branco;R$ 2.400;3;93;1;1
Ponta de Campina;R$ 15.000;4;226;3;4
Cabo Branco;R$ 2.700;3;83;1;3
Cabo Branco;R$ 5.000;4;219;3;4
Bessa;R$ 2.000;2;63;1;1
Bessa;R$ 2.000;2;63;1;1
Brisamar;R$ 5.500;4;250;3;1
Portal do Sol;R$ 3.000;3;80;1;2
Valentina de Figueiredo;R$ 850;2;90;1;2
Jardim Cidade Universitária;R$ 950;2;53;1;2
Bancários;R$ 750;1;30;1;1
Tambaú;R$ 2.400;2;58;1;1
Anatólia;R$ 1.150;2;53;0;1
Paratibe;R$ 500;2;;0;1
Tambaú;R$ 2.200;2;60;1;2
Manaíra;R$ 5.500;4;220;2;5
Cuiá;R$ 1.500;2;59;1;2
Manaíra;R$ 2.600;4;98;1;2
Jardim Cidade Universitária;R$ 1.000;2;65;1;1
Jardim Cidade Universitária;R$ 1.300;2;59;1;2
Manaíra;R$ 3.200;4;109;1;3
Cabo Branco;R$ 2.300;1;40;1;1
Planalto Boa Esperança;R$ 1.000;2;;1;2
Cabo Branco;R$ 8.000;4;200;2;4
Areia Dourada;R$ 2.100;3;79;1;2
Altiplano Cabo Branco;R$ 4.500;3;92;2;1
Cabo Branco;R$ 2.200;2;63;1;1
Jardim Cidade Universitária;R$ 1.800;2;60;1;1
Miramar;R$ 2.100;3;84;2;2
Altiplano Cabo Branco;R$ 5.000;2;70;1;1
Miramar;R$ 2.250;3;83;1;3
Estados;R$ 1.300;2;67;1;1
Alto do Céu;R$ 650;2;;1;2
Bessa;R$ 2.000;2;63;1;1
Jardim Oceania;R$ 0;2;50;1;2
Bancários;R$ 1.800;2;60;1;1
João Agripino;R$ 3.220;2;80;1;2
Aeroclube;R$ 2.700;3;77;1;2
Manaíra;R$ 8.000;2;85;1;2
Altiplano Cabo Branco;R$ 1.650;2;60;1;2
Portal do Sol;R$ 900;2;48;1;1
Anatólia;R$ 1.150;2;53;0;1
Bancários;R$ 1.400;3;60;1;1
Tambaú;R$ 3.500;2;50;1;2
Cristo Redentor;R$ 1.050;2;75;1;2
Tambaú;R$ 3.000;2;87;1;3
Aeroclube;R$ 1.500;3;70;1;2
João Agripino;R$ 1.860;3;80;2;2
Bessa;R$ 1.800;1;38;0;1
Bessa;R$ 2.000;1;37;1;1
Estados;R$ 4.100;3;79;2;3
Pedro Gondim;R$ 1.600;2;60;1;2
Cristo Redentor;R$ 850;2;;1;2
Grotão;R$ 500;2;55;1;1
Gramame;R$ 550;2;56;1;2
Manaíra;R$ 2.990;3;98;1;3
Tambaú;R$ 3.000;2;73;1;2
Manaíra;R$ 2.800;4;110;2;4
Valentina de Figueiredo;R$ 850;2;90;1;1
Ipês;R$ 1.000;4;75;1;2
Castelo Branco;R$ 650;1;25;0;1
Jardim Cidade Universitária;R$ 1.450;2;60;1;1
Ernesto Geisel;R$ 600;2;50;1;1
Manaíra;R$ 3.500;2;150;1;1
Planalto Boa Esperança;R$ 750;2;;1;2
Bessa;R$ 1.400;1;37;1;1
Jardim Oceania;R$ 15.000;2;60;1;2
Aeroclube;R$ 1.300;3;85;1;2
Miramar;R$ 2.250;3;83;1;3
Bessa;R$ 1.250;3;80;1;1
Cabo Branco;R$ 5.100;2;74;2;2
Anatólia;R$ 1.150;2;;0;1
Cuiá;R$ 1.100;2;56;1;1
Bessa;R$ 2.000;2;63;1;1
Bessa;R$ 2.000;2;63;1;1
Jardim São Paulo;R$ 1.300;3;90;1;2
Bessa;R$ 3.300;2;73;2;3
Manaíra;R$ 5.000;;250;2;5
Bancários;R$ 1.600;2;57;1;2
Tambaú;R$ 2.500;2;55;1;2
Cabo Branco;R$ 2.500;2;75;3;3
Bessa;R$ 1.800;1;37;1;1
Bessa;R$ 1.000;2;;1;2
Bessa;R$ 2.000;2;63;1;1
Aeroclube;R$ 2.700;3;80;1;2
Manaíra;R$ 1.700;2;85;1;3
Muçumagro;R$ 600;3;;1;2
Bancários;R$ 1.200;2;48;1;2
Brisamar;R$ 3.200;2;65;2;1
Tambaú;R$ 3.500;3;120;1;2
Tambaú;R$ 3.900;4;170;2;4
Brisamar;R$ 3.500;2;137;2;3
Bancários;R$ 1.950;3;85;1;2
João Paulo II;R$ 790;2;56;1;2
Bessa;R$ 1.550;2;60;1;2
José Américo De Almeida;R$ 550;2;50;1;1
Cabo Branco;R$ 1.800;1;40;1;1
Altiplano Cabo Branco;R$ 1.500;2;50;1;1
Aeroclube;R$ 2.700;3;80;1;2
Água Fria;R$ 1.100;2;51;1;2
Jardim Cidade Universitária;R$ 1.600;2;64;1;2
Cristo Redentor;R$ 864;2;50;1;2
Jardim Oceania;R$ 2.000;1;40;1;1
Jardim Oceania;R$ 4.000;3;109;2;4
Portal do Sol;R$ 300;1;35;1;1
Altiplano Cabo Branco;R$ 8.870;3;270;4;4
Planalto Boa Esperança;R$ 500;2;;1;1
Manaíra;R$ 2.300;2;60;1;2
Miramar;R$ 5.000;4;280;2;1
Gramame;R$ 600;2;48;1;2
Mangabeira;R$ 700;2;55;1;1
Cabo Branco;R$ 2.000;1;37;1;1
Brisamar;R$ 2.950;4;100;3;3
Manaíra;R$ 3.500;2;55;1;3
Tambaú;R$ 2.200;2;52;1;2
Bessa;R$ 1.800;3;110;1;2
Miramar;R$ 1.700;1;28;1;1
Gramame;;3;;0;2
Cuiá;R$ 800;2;60;1;1
Jardim Cidade Universitária;R$ 1.200;2;74;1;2
Paratibe;R$ 650;2;;1;1
Cabo Branco;R$ 5.000;4;240;2;5
Tambaú;R$ 3.500;2;62;1;2
Altiplano Cabo Branco;R$ 15.000;;290;3;2
Jardim Cidade Universitária;R$ 1.450;2;60;1;2
Jardim Cidade Universitária;R$ 1.300;2;58;2;2
Castelo Branco;R$ 2.300;2;;1;2
Miramar;R$ 2.300;2;45;0;1
Aeroclube;R$ 1.600;3;73;1;2
Cristo Redentor;R$ 700;2;60;1;2
Jardim São Paulo;R$ 1.000;3;70;1;1
Manaíra;R$ 3.500;3;90;2;3
Muçumagro;R$ 400;2;;1;2
Manaíra;R$ 2.100;1;59;1;1
Aeroclube;R$ 1.600;4;166;1;2
Miramar;R$ 4.800;4;270;2;2
Pedro Gondim;R$ 2.600;3;107;2;3
Tambauzinho;R$ 3.500;3;157;2;5
Jardim Oceania;R$ 2.200;2;62;1;2
Jaguaribe;R$ 700;2;60;1;3
Cabo Branco;R$ 3.800;3;100;1;1
Miramar;R$ 3.000;2;60;1;2
Manaíra;R$ 5.000;4;260;2;5
Bessa;R$ 1.900;1;38;0;1
Portal do Sol;R$ 700;2;55;1;1
Cabo Branco;R$ 3.100;2;65;1;1
Jaguaribe;R$ 600;1;30;1;1
Treze de Maio;R$ 1.200.000;2;50;1;2
Altiplano Cabo Branco;R$ 8.500;3;220;3;4
Cabo Branco;R$ 2.800;2;58;1;2
Aeroclube;R$ 1.800;2;55;1;2
Bessa;R$ 1.350;3;120;1;2
Ernani Sátiro;R$ 600;2;62;1;2
Tambaú;R$ 3.600;2;53;1;2
Manaíra;R$ 2.000;2;50;1;2
Cabo Branco;R$ 2.800;1;35;1;1
Estados;R$ 1.300;2;69;1;2
Manaíra;R$ 3.600;2;65;0;1
Miramar;;1;;0;1
Bessa;R$ 2.000;2;65;1;2
Cuiá;R$ 895;2;55;1;1
Brisamar;R$ 4.500;3;83;2;3
Planalto Boa Esperança;R$ 900;3;71;1;2
Bessa;R$ 1.750;3;63;1;2
Miramar;R$ 2.800;3;120;2;3
Gramame;R$ 700;2;60;1;2
Manaíra;R$ 2.400;1;42;0;2
Castelo Branco;R$ 1.500;1;40;1;1
Cabo Branco;R$ 4.200;2;47;1;2
Expedicionários;R$ 1.530;3;120;2;2
Tambaú;R$ 6.000;3;120;3;3
Manaíra;R$ 5.200;4;265;3;2
Manaíra;R$ 3.880;3;137;0;4
Jardim Oceania;R$ 5.000;3;132;2;3
Cabo Branco;R$ 3.500;2;60;2;2
Areia Dourada;R$ 1.300;3;120;2;3
Bessa;R$ 1.400;1;38;1;1
Bessa;R$ 2.500;3;88;1;2
Manaíra;R$ 2.000;2;60;1;2
Jaguaribe;;1;;0;1
Jardim São Paulo;R$ 750;2;50;1;2
Jaguaribe;R$ 700;2;;1;1
Bessa;R$ 1.900;2;55;1;1
Gramame;R$ 500;2;47;1;1
João Paulo II;R$ 650;2;;1;2
Brisamar;;3;86;2;2
Gramame;R$ 650;2;54;1;2
Altiplano Cabo Branco;R$ 10.000;4;335;0;5
Jardim Cidade Universitária;R$ 1.500;3;;1;2
Valentina de Figueiredo;R$ 550;2;50;0;2
Manaíra;R$ 3.300;2;67;1;2
Cabo Branco;R$ 1.800;2;65;1;2
Bancários;R$ 2.500;3;83;2;3
Torre;R$ 800;1;30;0;1
Ipês;R$ 600;1;;1;1
Cuiá;R$ 600;2;55;1;2
Miramar;R$ 8.000;3;178;4;4
Cabo Branco;R$ 4.500;2;70;1;2
Bessa;R$ 1.500;1;38;0;1
Gramame;R$ 650;1;50;1;1
Manaíra;R$ 4.500;2;90;1;1
Manaíra;R$ 2.300;1;37;1;1
Mangabeira;R$ 650;2;60;1;2
Gramame;R$ 500;2;58;1;1
Altiplano Cabo Branco;R$ 2.850;3;75;2;2
Brisamar;R$ 1.500;1;45;1;2
Aeroclube;R$ 1.700;2;60;1;2
Jardim Cidade Universitária;R$ 1.800;3;78;1;1
Tambaú;R$ 6.500;2;120;2;2
Cabo Branco;R$ 5.150;2;74;2;2
Manaíra;R$ 2.000;4;110;2;3
Cabo Branco;R$ 4.200;2;70;2;2
Poço;R$ 300;2;58;1;2
Jardim Cidade Universitária;R$ 1.500;3;100;0;2
Altiplano Cabo Branco;R$ 3.800;3;93;2;1
Altiplano Cabo Branco;R$ 1.600;3;71;1;1
Jardim Oceania;R$ 1.500;3;60;1;2
Jardim Cidade Universitária;R$ 1.250;2;75;1;2
Cristo Redentor;R$ 1.000;2;60;1;2
Jardim São Paulo;R$ 1.450;3;79;1;3
Tambaú;R$ 3.000;3;120;1;2
Cabo Branco;R$ 250;1;30;0;1
Jardim Cidade Universitária;R$ 1.100;3;85;1;2
Ernani Sátiro;R$ 750;2;46;1;1
Manaíra;R$ 3.740;3;100;2;3
Miramar;R$ 5.500;4;226;3;2
Planalto Boa Esperança;R$ 650;2;55;1;2
Manaíra;R$ 3.000;2;60;1;2
Bessa;R$ 2.000;2;63;1;1
Manaíra;R$ 3.000;3;60;1;2
Jardim Cidade Universitária;R$ 1.200;3;80;1;1
Torre;R$ 600;2;55;0;1
Treze de Maio;R$ 1.790;2;57;1;2
Manaíra;R$ 340.000;1;33;1;1
Tambauzinho;R$ 1.600;1;46;1;1
Manaíra;R$ 5.500;4;270;3;5
Valentina de Figueiredo;;2;57;1;2
Altiplano Cabo Branco;R$ 1.900;2;57;1;2
Manaíra;R$ 3.500;2;150;1;1
Muçumagro;R$ 550;2;;1;2
Cruz das Armas;R$ 100;1;1;1;1
Costa e Silva;R$ 600;2;50;1;1
Manaíra;R$ 3.400;3;70;2;2
Cabo Branco;R$ 2.100;1;55;1;1
Bessa;R$ 3.000;2;77;1;2
Varjão;R$ 380;3;80;1;2
Tambaú;R$ 4.000;3;102;1;3
Muçumagro;R$ 500;2;58;1;2
Intermares;R$ 2.450;2;95;1;3
Bancários;R$ 850;2;60;1;1
Estados;R$ 4.100;3;80;2;3
Altiplano Cabo Branco;R$ 2.500;2;;1;2
Jardim Cidade Universitária;R$ 1.300;2;59;1;2
Bessa;R$ 3.200;2;55;1;2
João Agripino;R$ 2.430;3;80;2;2
Bessa;R$ 2.000;2;63;1;1
Estados;R$ 2.500;2;60;2;1
Bessa;R$ 1.500;1;44;0;1
Miramar;R$ 4.850;3;113;3;4
Manaíra;R$ 2.500;1;30;0;1
Jaguaribe;R$ 1.200;2;55;1;1
Manaíra;R$ 3.600;2;150;1;2
Cristo Redentor;R$ 450;1;15;0;1
Bessa;R$ 3.000;2;65;1;2
Cidade dos Colibris;R$ 1.000;2;62;1;2
Jardim Cidade Universitária;R$ 1.500;2;60;1;2
Cabo Branco;R$ 3.400;2;60;2;2
Bessa;R$ 2.000;2;63;1;1
Aeroclube;R$ 3.600;3;90;2;3
Bancários;R$ 1.600;;32;1;1
Tambauzinho;R$ 1.700;2;60;1;2
Altiplano Cabo Branco;R$ 4.500;2;85;2;2
Ponta de Campina;R$ 45.000;;230;3;5
Bancários;R$ 1.200;3;80;2;2
Cabo Branco;R$ 6.200;4;219;3;5
Cristo Redentor;R$ 550;2;;1;2
Jardim Oceania;R$ 3.700;3;111;2;2
Anatólia;R$ 1.200;3;86;1;2
Mangabeira;R$ 600;2;56;1;1
Cabo Branco;R$ 3.500;2;65;1;2
Gramame;R$ 600;2;58;1;2
Mangabeira;R$ 600;2;55;1;1
Areia Dourada;R$ 44.000;3;316;2;3
Cidade dos Colibris;R$ 1.000;2;57;1;1
Tambaú;R$ 350;2;55;1;1
Pedro Gondim;R$ 1.700;2;60;1;2
Cabo Branco;R$ 4.000;1;31;1;1
Bessa;R$ 2.000;2;63;1;1
Manaíra;R$ 4.000;3;100;2;3
Bessa;R$ 1.800;1;37;0;1
Jardim Oceania;R$ 430;2;67;1;2
Cabo Branco;R$ 3.000;2;65;2;2
Jardim Oceania;R$ 3.650;3;104;2;1
Torre;R$ 750;1;40;0;1
Portal do Sol;R$ 1.500;3;72;1;1
Altiplano Cabo Branco;R$ 7.490;3;220;4;4
Ipês;R$ 1.500;3;70;1;2
Água Fria;R$ 1.800;2;58;2;1
Tambaú;R$ 4.500;3;107;2;3
Jardim Cidade Universitária;R$ 700;3;75;1;1
Cuiá;R$ 800;3;75;1;1
Jardim Oceania;R$ 3.250;1;45;1;1
Cabo Branco;R$ 1.400;1;40;0;1
Bessa;R$ 3.500;2;68;1;2
Treze de Maio;R$ 450;1;;0;1
Tambauzinho;R$ 650;1;50;0;1
Bessa;R$ 3.000;2;60;1;2
Brisamar;R$ 1.239;2;86;1;1
Bessa;R$ 2.000;2;63;1;1
Tambauzinho;R$ 3.000;3;100;2;3
Jardim Oceania;R$ 3.200;3;109;2;2
Jardim Oceania;R$ 4.000;2;45;1;2
Cabo Branco;R$ 4.000;3;80;2;2
Manaíra;R$ 2.800;3;130;2;3
Bessa;R$ 4.400;2;65;1;2
Jardim Oceania;R$ 3.200;3;80;1;2
Manaíra;R$ 4.200;4;202;4;5
Torre;R$ 950;1;55;1;1
Portal do Sol;R$ 1.000;2;60;1;2
Cristo Redentor;R$ 950;2;55;1;1
Tambaú;R$ 3.000;3;85;2;3
Jardim Cidade Universitária;R$ 1.500;2;59;1;1
Gramame;R$ 600;2;;1;2
Altiplano Cabo Branco;R$ 12.000;4;343;4;5
Manaíra;R$ 3.200;3;100;2;3
Manaíra;R$ 1.800;1;45;1;1
Jardim Oceania;R$ 4.280;3;143;2;2
Altiplano Cabo Branco;R$ 10.800;3;335;0;2
Cabo Branco;R$ 3.000;2;60;2;2
Miramar;R$ 28.000;3;83;1;1
Cabo Branco;R$ 3.200;2;65;1;2
Jardim Cidade Universitária;R$ 1.300;2;60;1;2
Jardim Cidade Universitária;R$ 1.200;2;74;1;2
Tambauzinho;R$ 2.500;3;72;2;2
Bessa;R$ 11.000;4;430;4;5
Manaíra;R$ 1.800;2;;1;2
Bessa;R$ 2.000;2;63;1;1
Manaíra;R$ 300;2;60;1;2
Manaíra;R$ 1.950;3;70;1;3
Jardim Oceania;R$ 3.500;2;57;1;2
Gramame;R$ 600;2;;1;1
Cabo Branco;R$ 2.300;1;48;1;1
Funcionários;R$ 750;2;;1;1
Bessa;R$ 2.000;2;60;1;2
Jardim Oceania;R$ 1.300;2;60;1;1
Manaíra;R$ 2.500;3;120;1;2
Aeroclube;R$ 1.300;3;78;1;2
Ponta de Campina;R$ 3.000;4;90;1;3
Cristo Redentor;R$ 300;2;65;1;2
Tambauzinho;R$ 700;3;68;1;2
Altiplano Cabo Branco;R$ 7.490;3;220;4;1
Expedicionários;R$ 2.500;3;92;1;2
Miramar;R$ 4.000;4;180;2;4
Altiplano Cabo Branco;R$ 2.600;3;85;2;2
Cabo Branco;R$ 2.400;4;113;1;3
Manaíra;R$ 3.500;4;170;2;4
Jardim São Paulo;R$ 1.450;3;79;1;2
Valentina de Figueiredo;R$ 400;2;55;1;1
Bessa;R$ 2.000;2;63;1;1
Estados;R$ 4.100;3;79;1;2
João Agripino;R$ 1.920;3;82;1;1
Cabo Branco;R$ 2.600;3;83;1;2
Aeroclube;R$ 2.300;1;45;1;1
Cabo Branco;R$ 4.500;2;74;4;2
Torre;R$ 2.200;2;68;1;2
Jardim Oceania;;2;;0;2
Intermares;R$ 1.400;1;38;1;1
Manaíra;R$ 4.500;4;190;2;3
Jardim Cidade Universitária;R$ 700;2;70;1;2
Tambaú;R$ 2.000;2;60;2;2
Anatólia;R$ 1.800;2;55;1;1
Jardim Oceania;R$ 4.500;;301;3;5
José Américo de Almeida;R$ 400;2;50;1;1
Jardim Cidade Universitária;R$ 1.000;2;;1;2
Jardim Cidade Universitária;R$ 840;3;70;1;2
Muçumagro;R$ 400;2;;1;1
Gramame;R$ 500;2;50;1;1
Ipês;R$ 1.500;3;60;1;2
Torre;R$ 750;1;40;0;1
Jardim Cidade Universitária;R$ 800;2;58;1;2
Jardim Cidade Universitária;R$ 1.300;3;79;1;2
Centro;R$ 3.500;2;180;1;2
Gramame;R$ 500;2;;0;1
Jardim São Paulo;R$ 1.200;3;75;2;2
Cabo Branco;R$ 4.200;4;192;4;5
Manaíra;R$ 375;2;60;1;2
Cabo Branco;R$ 2.900;1;45;1;1
Cabo Branco;R$ 350;2;65;1;2
Jardim Oceania;R$ 3.500;2;57;1;2
Manaíra;R$ 2.250;3;98;2;3
Manaíra;R$ 4.500;2;65;1;2
Aeroclube;R$ 3.200;3;90;2;3
Bessa;R$ 2.000;2;63;1;1
Manaíra;R$ 2.200;3;72;1;2
Miramar;R$ 3.700;3;110;3;4
Ponta de Campina;R$ 1.300;3;77;1;1
Cabo Branco;R$ 300;1;60;1;1
Tambaú;R$ 2.500;2;54;1;2
Manaíra;R$ 4.200;3;125;2;4
Gramame;R$ 499;2;440;1;1
Cabo Branco;R$ 6.200;4;213;2;5
Bessa;R$ 1.900;1;37;0;1
Cabo Branco;R$ 3.200;2;73;1;2
Planalto Boa Esperança;R$ 450;2;59;1;2
Cristo Redentor;R$ 800;2;;1;1
Cabo Branco;R$ 3.700;2;69;1;2
Anatólia;R$ 1.150;2;;0;1
Ernesto Geisel;R$ 600;2;;1;1
Cuiá;R$ 850;2;52;1;1
Cabo Branco;R$ 490;1;35;0;1
Aeroclube;R$ 1.200;3;;1;2
Jardim Cidade Universitária;R$ 1.200;2;74;1;2
Jardim Cidade Universitária;R$ 1.730;2;60;1;2
Cabo Branco;R$ 4.500;2;62;4;1
Altiplano Cabo Branco;R$ 7.490;3;223;4;4
Cabo Branco;R$ 3.000;2;53;1;1
Manaíra;R$ 3.200;2;90;1;2
Ponta de Campina;;3;160;2;5
Ponta de Campina;R$ 35.000;3;160;3;1
Jardim Oceania;R$ 3.500;3;78;2;3
Jardim Cidade Universitária;R$ 1.450;2;60;0;2
Bessa;R$ 2.000;1;38;1;1
Torre;R$ 1.000;3;106;0;2
Gramame;R$ 700;2;70;1;2
Jardim Cidade Universitária;R$ 1.700;2;58;1;2
Planalto Boa Esperança;R$ 600;2;55;1;2
Expedicionários;R$ 600;1;;1;1
Tambaú;R$ 5.500;3;117;3;3
Tambauzinho;R$ 1.800;2;63;1;2
Bessa;R$ 2.500;2;65;1;2
Pedro Gondim;R$ 1.350;1;40;1;1
Estados;R$ 4.100;3;79;2;2
Jardim Oceania;R$ 2.700;2;55;1;2
Altiplano Cabo Branco;R$ 7.490;;200;2;5
Aeroclube;R$ 1.700;3;70;1;2
Mangabeira;R$ 900;2;50;1;2
Jardim Oceania;R$ 2.850;2;77;1;2
Manaíra;R$ 340;2;50;2;2
Jardim Oceania;R$ 3.200;2;57;1;1
Altiplano Cabo Branco;R$ 10.750;4;335;0;5
Bessa;R$ 2.000;2;63;1;1
Gramame;R$ 600;2;65;1;1
Camboinha;R$ 25.000;4;106;2;3
Cabo Branco;R$ 2.500;2;60;1;2
Manaíra;R$ 3.800;3;112;2;3
Jardim Oceania;R$ 7.000;2;42;1;2
Cabo Branco;R$ 2.600;2;63;1;2
Altiplano Cabo Branco;R$ 1.600;2;62;1;2
Ponta de Campina;;3;160;2;4
Gramame;R$ 400;2;;1;2
Tambaú;R$ 2.000;2;62;1;1
Portal do Sol;R$ 1.000.000;2;;1;2
Bessa;R$ 1.900;1;37;1;1
Bessa;R$ 2.000;2;63;1;1
Ernesto Geisel;R$ 800;2;64;1;1
Portal do Sol;R$ 1.100;2;55;1;2
Anatólia;R$ 1.433;1;20;1;1
Cruz das Armas;R$ 700;2;58;1;2
Altiplano Cabo Branco;R$ 4.500;3;85;2;2
Portal do Sol;R$ 2.500;3;70;1;2
Intermares;R$ 3.300;2;60;1;2
Jardim Oceania;R$ 2.250;1;35;1;1
Bancários;R$ 1.400;2;55;1;2
Estados;R$ 800;1;35;1;1
Jardim Oceania;R$ 6.000;3;140;0;1
Manaíra;R$ 2.500;2;79;1;3
Camboinha;R$ 2.500;3;128;2;2
Estados;R$ 4.000;3;85;2;1
Cabo Branco;R$ 4.000;2;60;1;2
Bancários;R$ 1.350;1;24;1;1
Manaíra;R$ 5.500;4;270;3;5
Cabo Branco;R$ 3.000;1;35;0;1
Manaíra;R$ 7.000;3;320;2;4
Ernani Sátiro;R$ 700;2;50;1;1
Gramame;R$ 550;2;45;0;1
Tambaú;R$ 265.000;1;44;0;1
Camboinha;R$ 9.000;2;70;0;1
Cabo Branco;R$ 11.000;;600;0;5
Manaíra;R$ 2.300;2;60;1;1
Cabo Branco;R$ 5.000;1;58;0;1
Altiplano Cabo Branco;R$ 6.600;4;224;4;5
Altiplano Cabo Branco;R$ 7.100;4;224;4;5
José Américo de Almeida;R$ 800;2;60;1;1
Mangabeira;R$ 500;2;60;0;1
Manaíra;R$ 7.000;4;320;0;1
Tambaú;R$ 6.000;4;182;2;1
Altiplano Cabo Branco;R$ 4.600;3;120;0;2
Gramame;R$ 600;2;65;1;2
José Américo de Almeida;R$ 1.000;2;45;1;2
Estados;R$ 6.000;3;150;3;1
Altiplano Cabo Branco;R$ 7.761;4;220;4;5
Manaíra;R$ 2.300;2;58;1;1
Manaíra;R$ 7.000;;450;3;5
Formosa;R$ 1.400;2;50;1;1
Altiplano Cabo Branco;R$ 12.951;4;332;0;1
Expedicionários;R$ 2.500;3;100;2;1
Altiplano Cabo Branco;R$ 9.400;4;220;0;1
Jardim Oceania;R$ 3.500;2;80;1;1
Jardim Oceania;R$ 5.000;2;11;0;1
Manaíra;R$ 10.000;3;230;2;1
Brisamar;R$ 2.500;3;110;2;4
Poço;R$ 1.600;2;65;1;2
Manaíra;R$ 2.100;1;47;1;1
Altiplano Cabo Branco;R$ 8.613;4;220;4;5
Brisamar;R$ 2.036;3;82;0;2
Manaíra;R$ 3.080;3;101;0;1
Jardim Oceania;R$ 3.500;2;57;1;1
Bancários;R$ 1.500;2;70;1;1
Manaíra;R$ 2.000;1;43;1;1
Tambaú;R$ 4.500;1;38;0;1
Tambaú;R$ 9.500;2;100;3;1
Ernani Sátiro;R$ 500;2;50;0;2
Bessa;R$ 7.000;2;300;2;2
Jardim Oceania;R$ 6.000;1;75;0;1
Ponta de Campina;R$ 30.000;2;72;0;2
Portal do Sol;R$ 1.200;2;48;1;1
Miramar;R$ 2.500;1;45;0;1
Altiplano Cabo Branco;R$ 8.100;4;274;4;5
Planalto Boa Esperança;R$ 530;2;52;1;1
Brisamar;R$ 6.500;4;250;2;5
Manaíra;R$ 2.500;2;51;1;1
Cabo Branco;R$ 2.100;2;50;1;1
Manaíra;R$ 2.100;1;47;1;1
Manaíra;R$ 2.100;1;47;1;1
Tambauzinho;R$ 2.400;3;70;1;1
Miramar;R$ 5.000;4;318;2;1
Altiplano Cabo Branco;R$ 6.700;4;224;4;5
Miramar;R$ 6.500;4;212;3;1
Manaíra;R$ 8.000;4;255;0;5
Jardim Oceania;R$ 4.500;3;115;2;3
Aeroclube;R$ 3.000;2;60;1;2
Cabo Branco;R$ 4.800;4;180;4;4
Manaíra;R$ 3.740;3;100;2;3
Jardim Cidade Universitária;R$ 1.450;2;60;1;2
Gramame;R$ 550;2;56;1;1
Cabo Branco;R$ 3.000;2;60;1;2
Bessa;R$ 2.000;2;63;1;1
Tambaú;R$ 250;1;29;1;1
Bessa;R$ 1.600;2;60;1;2
Água Fria;R$ 1.100;2;58;1;2
Tambaú;R$ 250;1;48;1;1
Manaíra;R$ 2.500;3;60;1;2
Aeroclube;R$ 2.800;3;80;2;3
Indústrias;R$ 700;2;;1;2
Bessa;R$ 4.400;2;70;2;2
Brisamar;R$ 4.000;3;85;2;3
Cabo Branco;R$ 5.000;4;218;3;5
Altiplano Cabo Branco;R$ 4.800;3;127;2;5
Bancários;R$ 1.600;2;52;0;2
Jardim Cidade Universitária;R$ 1.200;2;;1;2
Brisamar;R$ 850;1;40;1;1
Tambaú;R$ 2.000;2;50;1;1
Manaíra;R$ 2.500;3;115;2;3
Ponta de Campina;R$ 2.500;3;152;2;2
Jardim Oceania;R$ 3.500;2;75;1;2
Bessa;R$ 2.000;3;95;1;2
Tambaú;R$ 2.700;2;50;1;1
Areia Dourada;R$ 35.000;4;227;3;5
Bancários;R$ 1.300;3;70;1;2
Jardim Cidade Universitária;R$ 1.200;2;74;1;2
Areia Dourada;R$ 35.000;4;227;3;5
Tambaú;R$ 2.400;2;55;1;1
Manaíra;R$ 1.400;1;30;1;1
Cabo Branco;R$ 3.500;1;48;1;1
Cabo Branco;R$ 2.700;2;60;1;2
Manaíra;R$ 250;2;60;1;1
Brisamar;R$ 8.000;4;265;4;1
Jardim Oceania;R$ 3.500;2;65;0;1
Cuiá;R$ 900;2;58;1;2
Tambaú;R$ 250;1;47;1;2
Manaíra;R$ 2.700;3;95;1;1
Gramame;R$ 650;2;59;1;2
Ernesto Geisel;R$ 600;2;;0;1
Tambaú;R$ 1.700;3;140;1;3
Cabo Branco;R$ 3.500;2;50;1;2
Cabo Branco;R$ 4.200;2;68;1;2
Tambaú;R$ 2.800;1;38;1;1
José Américo de Almeida;R$ 1.000;3;79;1;1
Tambaú;R$ 300;1;40;1;1
Bessa;R$ 250;2;58;1;2
Cabo Branco;R$ 5.000;4;180;1;2
Tambaú;R$ 2.600;3;150;2;2
Manaíra;R$ 2.500;1;33;1;1
Mangabeira;R$ 480;1;36;0;1
Estados;R$ 4.100;3;79;2;3
Jaguaribe;R$ 1.100;2;60;1;2
Muçumagro;R$ 500;2;;1;1
Bessa;R$ 3.000;2;50;1;2
Cabo Branco;R$ 320;2;47;1;1
Planalto Boa Esperança;;2;57;1;2
Bessa;R$ 1.500;3;78;1;2
Aeroclube;R$ 1.300;2;;1;2
Cuiá;R$ 1.100;2;57;1;2
Jardim Cidade Universitária;R$ 850;2;60;1;1
Manaíra;R$ 2.300;1;35;0;1
Manaíra;R$ 3.800;3;150;2;5
Mangabeira;R$ 1.100;2;50;1;2
Cabo Branco;R$ 3.700;2;58;1;1
Oitizeiro;R$ 600;2;2;1;2
Camboinha;R$ 8.000;3;106;3;3
Tambaú;R$ 400;1;30;1;1
Bessa;R$ 1.800;3;106;1;2
Poço;R$ 4.700;2;60;1;2
Aeroclube;R$ 1.900;2;54;1;2
Aeroclube;R$ 3.150;3;90;2;3
Jardim Cidade Universitária;R$ 1.300;2;64;1;2
Cidade dos Colibris;R$ 600;2;55;1;1
Bessa;R$ 1.900;1;38;0;1
Jardim Cidade Universitária;R$ 2.200;2;90;0;2
Bancários;R$ 1.730;2;60;1;2
Manaíra;R$ 2.500;1;40;1;1
Tambaú;R$ 3.700;2;54;1;1
Manaíra;R$ 2.000;3;65;1;3
Portal do Sol;R$ 1.300;3;100;2;2
Cabo Branco;R$ 4.000;2;45;1;1
Manaíra;R$ 3.300;4;109;1;3
Intermares;R$ 1.300;1;30;1;1
Manaíra;R$ 2.800;2;60;0;1
Muçumagro;R$ 650;2;59;1;1
Gramame;R$ 700;2;;1;1
Bessa;R$ 2.000;2;60;0;
Estados;R$ 1.400;2;60;1;1
Cabo Branco;R$ 6.100;;190;1;5
Expedicionários;R$ 1.200;1;50;1;1
Jaguaribe;R$ 1.000;3;94;1;2
Altiplano Cabo Branco;R$ 2.000;3;73;1;2
Manaíra;R$ 3.750;3;100;2;3
Manaíra;R$ 2.100;2;58;1;2
Manaíra;R$ 3.800;3;150;2;4
Jardim Oceania;R$ 3.500;2;57;1;2
Bessa;R$ 800;2;56;1;2
João Agripino;R$ 2.548;3;82;1;2
Jardim São Paulo;R$ 1.300;3;75;1;1
Gramame;R$ 1.000;2;50;1;1
Manaíra;R$ 2.800;3;100;2;3
Tambaú;R$ 250;2;58;1;1
Tambaú;R$ 300;2;60;1;1
Muçumagro;R$ 600;2;;1;2
João Paulo II;R$ 900;2;55;1;1
Camboinha;R$ 430;3;70;0;2
Jardim Cidade Universitária;R$ 1.450;2;60;1;2
Bessa;R$ 2.000;2;63;1;1
Muçumagro;R$ 800;3;60;1;2
Areia Dourada;R$ 18.000;3;91;1;1
Jardim São Paulo;R$ 850;2;56;1;1
Tambaú;R$ 3.200;3;110;1;3
Estados;R$ 6.000;3;146;3;4
Aeroclube;R$ 2.100;2;60;1;2
Altiplano Cabo Branco;R$ 1.900;2;65;1;2
Cuiá;R$ 1.100;2;59;1;2
Valentina de Figueiredo;R$ 850;2;90;1;2
Cabo Branco;R$ 1.800;1;;1;1
Bancários;R$ 1.350;2;52;1;2
Muçumagro;R$ 450;2;45;1;1
Tambaú;R$ 6.500;2;128;2;2
Jardim Oceania;R$ 2.900;2;60;1;2
Cristo Redentor;R$ 800;2;60;1;2
Cabo Branco;R$ 4.775;;195;0;
Muçumagro;R$ 550;2;50;1;1
Jardim Cidade Universitária;R$ 1.200;3;85;1;1
Manaíra;R$ 3.600;3;120;2;2
Jardim Oceania;R$ 3.000;2;47;1;1
Intermares;R$ 1.800;1;50;1;1
Gramame;R$ 1.000;2;50;1;1
Tambaú;R$ 4.500;3;107;2;3
Brisamar;R$ 4.500;4;127;2;5
Jardim São Paulo;R$ 750;2;60;1;1
Manaíra;R$ 500;3;95;2;3
Estados;R$ 1.200;2;67;1;1
Jardim Veneza;R$ 500;2;;1;1
Tambaú;R$ 2.900;2;73;1;1
Jardim Veneza;R$ 500;2;;1;1
Muçumagro;R$ 550;2;50;1;2
Bessa;R$ 1.900;1;37;0;1
Mandacaru;R$ 1.000;3;70;1;2
Manaíra;R$ 2.500;1;46;1;1
Manaíra;R$ 1.500;3;60;1;2
Estados;R$ 1.400;2;70;1;2
Gramame;R$ 500;2;48;1;1
Jardim Cidade Universitária;R$ 700;1;37;1;1
Manaíra;R$ 1.500;1;36;1;1
Jardim Oceania;R$ 1.000;2;50;0;2
Brisamar;R$ 1.463;3;125;1;2
Bessa;R$ 1.650;2;60;1;2
Bessa;R$ 2.200;2;60;1;2
Planalto Boa Esperança;R$ 600;2;50;1;1
Jardim Cidade Universitária;R$ 1.100;2;64;1;2
Jardim Cidade Universitária;R$ 1.400;3;75;1;1
João Agripino;R$ 2.250;3;82;1;2
Jardim Cidade Universitária;R$ 1.200;2;74;1;1
Pedro Gondim;R$ 1.340;1;38;1;1
Valentina de Figueiredo;R$ 500;2;50;1;1
Torre;R$ 1.850;3;75;1;2
Tambaú;R$ 2.500;2;70;2;2
Bancários;R$ 1.800;3;70;1;1
Jardim Oceania;R$ 5.000;3;82;2;1
Ipês;R$ 1.500;3;;0;2
Jardim Oceania;R$ 2.700;3;89;2;1
Brisamar;;2;;0;2
Bessa;R$ 2.000;2;63;1;1
Portal do Sol;R$ 1.000;2;49;1;1
Tambaú;R$ 6.900;3;298;3;5
Bessa;R$ 2.000;2;63;1;1
João Agripino;R$ 2.230;3;82;1;2
Expedicionários;R$ 1.100;2;51;1;1
Jardim Cidade Universitária;;2;;0;2
Gramame;R$ 500;2;;1;2
Altiplano Cabo Branco;R$ 11.000;4;335;0;5
Altiplano Cabo Branco;R$ 6.400;4;220;4;2
Jardim Cidade Universitária;R$ 1.800;2;55;1;2
Manaíra;R$ 1.700;2;61;1;2
Altiplano Cabo Branco;R$ 6.500;2;160;2;3
Cabo Branco;R$ 3.300;2;60;1;2
Bessa;R$ 2.000;2;63;1;1
Jardim Oceania;R$ 2.800;2;68;1;2
Aeroclube;R$ 3.200;3;86;2;2
Manaíra;R$ 3.000;2;50;1;1
Tambaú;R$ 2.300;2;58;1;2
Manaíra;R$ 2.500;2;62;1;2
Jardim Cidade Universitária;R$ 1.200;3;80;1;1
Roger;R$ 900;4;50;1;2
Cabo Branco;R$ 3.000;2;60;1;1
Cabo Branco;R$ 2.700;2;60;1;2
Cuiá;R$ 600;2;56;1;1
Bessa;R$ 3.200;2;60;1;2
Jardim Cidade Universitária;R$ 1.450;2;60;1;2
Manaíra;R$ 5.000;3;125;2;4
Cuiá;R$ 1.250;2;50;1;1
Jardim Cidade Universitária;R$ 1.730;2;60;1;3
Portal do Sol;R$ 1.100;2;50;1;1
Jardim Oceania;R$ 2.000;2;57;1;1
Manaíra;R$ 3.200;3;750;1;2
Jardim Oceania;R$ 1.800;2;54;1;1
Manaíra;R$ 3.950;2;60;1;2
Cabo Branco;R$ 2.500;2;51;2;2
Ernani Sátiro;R$ 700;2;50;1;1
Indústrias;R$ 450;2;45;1;2
Altiplano Cabo Branco;R$ 10.150;4;335;0;5
Jardim Oceania;R$ 2.200;2;55;1;2
Cabo Branco;R$ 3.000;1;50;1;1
Tambaú;R$ 1.300;2;87;1;1
Anatólia;R$ 1.580;2;58;1;1
Jardim São Paulo;R$ 1.300;3;75;2;2
Jardim Cidade Universitária;R$ 950;3;66;0;1
José Américo de Almeida;R$ 660;3;70;1;1
Tambaú;R$ 4.200;2;60;1;1
Altiplano Cabo Branco;R$ 2.000;2;58;1;2
Bessa;R$ 2.450;2;60;2;2
Portal do Sol;R$ 1.100;2;43;1;1
Cristo Redentor;R$ 800;2;;1;2
Tambaú;R$ 3.500;2;75;1;2
Jardim Oceania;R$ 1.310;2;51;1;1
Tambaú;R$ 2.000;2;52;1;1
Cristo Redentor;R$ 850;2;60;1;2
Cabo Branco;R$ 400.000;2;60;1;2
Tambaú;R$ 2.500;2;60;1;1
Cabo Branco;R$ 3.000;2;60;1;1
Altiplano Cabo Branco;R$ 7.157;4;220;4;5
Gramame;R$ 600;2;50;1;1
Aeroclube;R$ 2.500;3;90;2;2
Jardim Cidade Universitária;R$ 1.200;3;70;1;2
Jaguaribe;R$ 1.000;2;60;1;1
Manaíra;R$ 1.800;1;35;1;1
Gramame;R$ 600;2;;1;2
Cabo Branco;R$ 1.800;1;30;1;1
Gramame;R$ 550;3;72;1;2
Jardim Cidade Universitária;R$ 1.450;2;64;1;2
Tambaú;R$ 3.000;2;48;1;1
Manaíra;R$ 1.600;4;108;1;3
Portal do Sol;R$ 750;2;48;1;1
Brisamar;R$ 220;1;14;1;1
Tambaú;R$ 200;1;22;1;1
Bessa;R$ 7.000;2;80;2;2
Estados;R$ 1.300;2;69;1;2
Cabo Branco;R$ 2.800;2;60;1;2
Tambaú;R$ 2.700;1;25;1;1
Manaíra;R$ 2.500;1;45;1;1
Miramar;R$ 4.200;4;165;2;3
Cabo Branco;R$ 3.500;1;34;1;1
Portal do Sol;R$ 1.100;2;50;1;1
Camboinha;R$ 2.500;3;135;2;3
Torre;R$ 1.750;3;95;1;2
Bancários;R$ 900;2;57;1;2
Manaíra;R$ 2.200;1;42;1;1
Manaíra;R$ 2.200;2;60;1;1
Jardim Oceania;R$ 3.500;2;57;1;2
Cabo Branco;R$ 2.200;1;58;1;1
Estados;R$ 4.100;3;79;2;3
Jardim Oceania;R$ 2.700;2;55;1;2
Ponta de Campina;R$ 1.700;4;170;2;3
Tambaú;R$ 3.600;3;152;1;4
Manaíra;R$ 3.200;3;100;2;2
Tambaú;R$ 4.500;4;165;2;5
Bessa;R$ 2.300;4;100;1;3
Manaíra;R$ 1.900;1;43;1;1
Jardim Veneza;R$ 650;2;65;1;2
Gramame;R$ 600;2;;1;2
Centro;R$ 500;;;0;1
Jardim Oceania;R$ 1.200;2;68;1;2
Cabo Branco;R$ 3.000;2;38;1;1
Altiplano Cabo Branco;R$ 7.060;4;220;4;5
Cabo Branco;R$ 4.500;2;61;1;2
Jardim Oceania;R$ 3.500;2;43;1;2
Manaíra;R$ 1.700;1;43;1;1
Jardim Cidade Universitária;R$ 1.200;2;50;2;2
João Paulo II;R$ 700;2;50;1;2
Bessa;R$ 1.500;1;35;1;1
Jardim Cidade Universitária;R$ 1.300;3;80;1;2
Brisamar;R$ 900;3;72;1;3
Centro;R$ 600;1;30;0;1
Cabo Branco;R$ 3.200;3;80;2;1
Cabo Branco;R$ 3.000;2;45;1;2
Gramame;R$ 600;2;;1;2
Valentina de Figueiredo;R$ 650;2;60;1;2
Altiplano Cabo Branco;R$ 11.000;;300;3;5
Cabo Branco;R$ 1.800;1;42;1;1
Gramame;R$ 650;2;55;1;1
Cuiá;R$ 350;2;;1;1
Bessa;R$ 1.800;3;105;1;2
Ernani Sátiro;R$ 650;2;;1;1
Jardim Oceania;R$ 1.400;2;40;0;1
Jardim Oceania;R$ 2.500;3;104;2;1
Ernesto Geisel;R$ 780;2;;1;1
Indústrias;R$ 500;2;50;1;1
Portal do Sol;R$ 900;3;65;1;2
Manaíra;R$ 3.500;4;152;2;4
Cabo Branco;R$ 4.000;2;75;1;2
Jardim Oceania;R$ 3.800;2;49;1;1
Manaíra;R$ 1.400;3;75;1;2
Brisamar;R$ 5.000;4;280;3;5
Cabo Branco;R$ 5.000;3;180;3;5
Cidade dos Colibris;R$ 1.000;2;56;1;1
Miramar;R$ 2.800;3;90;2;4
Tambaú;R$ 6.500;2;120;2;2
Bessa;R$ 222.000;2;50;1;2
Treze de Maio;R$ 700;2;;1;2
Bessa;R$ 2.000;2;63;1;1
Bessa;R$ 1.600;1;40;1;1
Jardim Oceania;R$ 1.300;2;60;1;2
Areia Dourada;R$ 10.000;4;227;3;5
Manaíra;R$ 2.200;1;65;1;1
João Agripino;R$ 2.361;3;83;1;1
Aeroclube;R$ 4.200;2;90;2;3
Tambaú;R$ 300;1;32;1;1
Tambaú;R$ 400;2;60;1;2
Paratibe;R$ 800;2;556;1;2
Bancários;R$ 1.300;2;56;1;2
Areia Dourada;R$ 12.000;4;227;3;5
Altiplano Cabo Branco;R$ 9.700;4;270;4;2
Manaíra;R$ 3.200;3;100;2;2
Paratibe;R$ 700;2;45;1;2
Cabo Branco;R$ 3.500;2;80;2;3
Valentina de Figueiredo;R$ 850;2;90;1;1
Jardim Oceania;R$ 1.500;2;88;2;1
Tambaú;R$ 2.100;3;111;1;1
Gramame;R$ 700;2;42;1;2
Muçumagro;R$ 400;2;;1;1
Bessa;R$ 2.000;1;40;1;1
Gramame;R$ 500;2;;1;2
Jardim Oceania;R$ 4.000;4;127;0;4
Jardim Oceania;R$ 2.100;1;50;1;1
Jardim Cidade Universitária;R$ 700;2;57;1;1
Jardim Cidade Universitária;R$ 1.450;2;59;1;1
Jardim Oceania;R$ 1.250;1;45;1;1
Cuiá;R$ 700;2;48;1;1
Tambaú;R$ 3.200;3;86;2;1
Bessa;R$ 2.000;2;63;1;1
Jardim Cidade Universitária;R$ 1.650;2;60;1;1
Manaíra;R$ 2.000;1;50;1;1
Tambaú;R$ 2.500;3;108;1;3
Miramar;R$ 2.800;3;120;0;4
Cabo Branco;R$ 4.800;4;190;4;5
Bessa;R$ 1.800;1;37;0;1
Jardim Cidade Universitária;R$ 900;2;60;1;2
Manaíra;R$ 3.800;3;150;2;3
Altiplano Cabo Branco;R$ 1.900;2;60;1;1
Ernani Sátiro;R$ 700;2;50;1;1
Ernani Sátiro;R$ 700;2;55;1;1
Torre;R$ 2.100;2;68;1;2
Tambaú;R$ 2.700;2;65;1;2
Jardim Oceania;R$ 1.600;2;57;1;2
José Américo de Almeida;R$ 755;2;50;1;2
Portal do Sol;R$ 1.100;2;46;1;1
Miramar;R$ 2.900;3;105;2;3
Cabo Branco;R$ 2.300;1;40;1;1
Altiplano Cabo Branco;R$ 1.300;2;52;1;1
Manaíra;R$ 2.700;3;135;0;4
Gramame;R$ 630;2;50;1;2
Altiplano Cabo Branco;R$ 4.300;2;70;2;2
Estados;R$ 1.300;2;67;1;1
Gramame;R$ 650;2;;1;2
Jardim Cidade Universitária;R$ 1.100;2;;1;2
Altiplano Cabo Branco;R$ 10.750;3;335;0;5
Bessa;R$ 2.000;2;63;1;1
Bessa;R$ 2.000;2;63;1;1
Gramame;R$ 500;2;55;1;2
Cabo Branco;R$ 3.500;2;75;1;2
Planalto Boa Esperança;R$ 600;2;52;1;1
Altiplano Cabo Branco;R$ 7.500;3;134;2;5
Muçumagro;R$ 800;2;52;1;2
Gramame;R$ 500;2;;1;2
Brisamar;R$ 2.799;2;52;1;2
Paratibe;R$ 530;2;;1;1
Manaíra;R$ 1.900;2;65;1;1
Tambaú;R$ 5.500;4;180;2;5
Jardim Oceania;;3;91;2;3
Valentina de Figueiredo;R$ 750;2;50;1;1
Manaíra;R$ 2.500;3;112;2;3
Tambaú;R$ 3.000;2;50;1;1
Gramame;R$ 500;2;;1;2
Tambaú;R$ 350;1;40;0;
Treze de Maio;R$ 1.100;2;;1;2
Manaíra;R$ 2.800;3;82;1;3
Jardim São Paulo;R$ 1.200;2;178;1;1
Jardim Cidade Universitária;R$ 1.500;2;60;1;2
Jardim Oceania;R$ 3.500;2;57;1;2
Bessa;R$ 3.300;2;67;1;2
Gramame;R$ 600;2;53;1;2
Cuiá;R$ 750;2;50;1;1
Cristo Redentor;R$ 899;2;70;1;2
Gramame;R$ 500;2;58;1;2
Miramar;R$ 4.500;4;282;3;5
Cabo Branco;R$ 2.600;1;45;1;2
Ernani Sátiro;R$ 550;2;;1;1
Cabo Branco;R$ 2.200;2;56;1;2
Bessa;R$ 1.200.000;2;63;1;1
Cabo Branco;R$ 2.500;1;50;1;1
Altiplano Cabo Branco;R$ 6.770;4;220;4;5
Altiplano Cabo Branco;R$ 6.700;4;158;3;5
Jardim Oceania;R$ 350;1;56;1;2
Brisamar;R$ 3.500;4;90;2;3
Bessa;R$ 2.000;2;63;1;1
Tambaú;R$ 300;2;60;1;2
Cabo Branco;R$ 3.000;2;55;1;1
Brisamar;R$ 2.100;3;70;1;3
Ernani Sátiro;R$ 700;2;;1;1
Portal do Sol;R$ 1.250;3;76;1;2
Ernesto Geisel;R$ 3.500;2;57;1;2
Jardim Oceania;R$ 2.000;2;56;1;2
Tambaú;R$ 4.400;3;110;1;2
Miramar;R$ 5.500;3;158;3;5
Manaíra;R$ 2.500;2;70;1;2
Miramar;R$ 2.100;1;40;1;2
Manaíra;R$ 2.400;3;115;2;4
Valentina de Figueiredo;R$ 700;2;61;1;2
José Américo de Almeida;R$ 1.100;3;82;2;2
Cabo Branco;R$ 2.600;1;45;1;2
Alto do Céu;R$ 700;2;60;1;2
Manaíra;R$ 4.000;3;160;3;3
Cabo Branco;R$ 2.500;1;45;1;1
Cabo Branco;R$ 5.500;3;148;2;5
Bessa;R$ 1.900;1;42;1;1
Mangabeira;R$ 750;2;55;1;1
Jardim Cidade Universitária;R$ 800;2;55;1;1
Aeroclube;R$ 2.500;2;60;1;2
Cuiá;R$ 600;2;57;1;1
Ponta de Campina;R$ 37.000;3;190;3;1
Paratibe;R$ 450;2;90;1;2
Manaíra;R$ 2.800;2;58;1;1
Estados;R$ 3.500;3;84;2;2
Manaíra;R$ 3.200;3;72;2;2
Cabo Branco;R$ 3.000;2;45;1;2
José Américo de Almeida;R$ 900;2;60;1;2
Cabo Branco;R$ 3.100;3;95;2;3
Manaíra;R$ 2.600;2;60;1;1
Cristo Redentor;R$ 830;2;55;1;1
Jardim Cidade Universitária;R$ 900;2;60;1;2
Bessa;R$ 2.000;2;63;1;1
Valentina de Figueiredo;R$ 500;2;;1;2
Jardim Oceania;R$ 2.500;2;49;1;2
Cabo Branco;R$ 3.000;3;105;1;3
Jardim Oceania;R$ 4.000;3;120;2;3
Jardim São Paulo;R$ 1.050;2;55;1;1
Bessa;R$ 1.550;3;100;1;2
Jaguaribe;R$ 1.500;2;64;1;1
Jardim Oceania;R$ 8.300;;310;4;5
Jardim Oceania;R$ 3.500;2;60;1;2
Pedro Gondim;R$ 1.400;1;40;0;1
Jardim Cidade Universitária;R$ 1.170;2;56;1;2
Bancários;R$ 850;2;70;1;2
Bessa;R$ 2.000;2;63;1;1
Manaíra;R$ 1.400;3;100;1;1
Jardim Oceania;R$ 8.500;;250;3;5
Manaíra;R$ 2.400;2;80;2;2
Manaíra;R$ 3.500;3;85;2;3
Cuiá;R$ 700;2;50;1;1
Portal do Sol;R$ 950;2;50;1;1
Ernesto Geisel;R$ 1.100;2;60;1;2
Muçumagro;R$ 500;2;48;1;1
Jardim Cidade Universitária;R$ 1.700;3;88;1;2
Intermares;R$ 3.000;2;90;1;3
Bessa;R$ 2.000;1;40;1;1
Manaíra;R$ 2.850;2;65;1;2
Cristo Redentor;R$ 700;2;51;1;1
Ernani Sátiro;R$ 700;2;50;1;1
Bessa;R$ 1.400;1;36;1;1
Jardim Cidade Universitária;R$ 950;2;62;1;2
Cabo Branco;R$ 5.000;4;183;3;3
Cabo Branco;R$ 2.900;1;45;1;2
Bancários;R$ 1.500;2;50;1;1
Manaíra;R$ 3.500;3;135;2;4
Portal do Sol;R$ 1.000;2;49;1;1
Ernani Sátiro;R$ 650;2;50;1;1
Jardim São Paulo;R$ 1.300;2;60;2;2
Manaíra;R$ 2.000;1;40;1;1
Altiplano Cabo Branco;R$ 4.900;3;127;3;3
Cabo Branco;R$ 2.600;2;50;1;2
Manaíra;R$ 3.600;3;120;2;2
Aeroclube;R$ 2.800;2;60;2;2
Altiplano Cabo Branco;R$ 9.550;;224;4;5
Cidade dos Colibris;R$ 750;2;55;1;2
Altiplano Cabo Branco;R$ 1.400;2;;1;2
Jardim São Paulo;R$ 900;2;60;1;1
Jardim Cidade Universitária;R$ 1.250;2;60;1;1
Manaíra;R$ 2.500;2;120;2;4
Manaíra;R$ 2.000;3;95;1;4
Portal do Sol;R$ 900;2;47;1;1
Bessa;R$ 3.800;2;65;2;2
Ernani Sátiro;R$ 648;2;45;1;1
Intermares;R$ 1.700;1;45;1;1
Cabo Branco;R$ 2.000;1;;1;1
Bancários;R$ 1.200;2;52;1;2
Gramame;R$ 700;2;;1;2
Gramame;R$ 400;2;;1;1
Ernesto Geisel;R$ 850;2;56;1;2
Manaíra;R$ 3.400;3;120;1;1
Formosa;R$ 550.000;1;;1;1
Aeroclube;R$ 2.500;4;180;1;3
Manaíra;R$ 1.100;2;60;1;2
Ernani Sátiro;R$ 600;2;;1;2
Jardim Cidade Universitária;R$ 950;3;86;1;2
Altiplano Cabo Branco;R$ 10.800;4;336;0;5
Gramame;R$ 700;2;65;1;2
Aeroclube;R$ 2.400;2;63;1;2
Valentina de Figueiredo;R$ 650;2;50;1;1
Muçumagro;R$ 520;2;48;1;2
Manaíra;R$ 2.800;2;105;1;2
Jardim Cidade Universitária;R$ 1.000;2;;1;2
Paratibe;R$ 350;1;;0;1
Formosa;R$ 1.000;2;;1;1
Manaíra;R$ 1.800;1;30;1;1
Planalto Boa Esperança;R$ 550;2;56;1;2
Jardim Oceania;R$ 8.300;;300;4;5
Cabo Branco;R$ 4.500;2;66;1;2
Bessa;R$ 10.000;4;419;3;5
Jardim Cidade Universitária;R$ 1.200;3;90;1;1
Ernesto Geisel;R$ 850;2;57;1;2
Cabo Branco;R$ 6.000;4;138;2;4
Castelo Branco;R$ 250;2;;0;1
Portal do Sol;R$ 1.200;2;42;1;1
Jaguaribe;R$ 1.350;3;67;1;2
Cristo Redentor;R$ 1.000;2;;1;2
Costa e Silva;R$ 600;2;37;1;1
Manaíra;R$ 4.500;3;134;2;5
Cabo Branco;R$ 1.800;2;67;1;2
Gramame;R$ 850;2;60;1;2
Jaguaribe;R$ 950;2;;1;2
Camboinha;R$ 12.000;3;141;2;5
Bancários;R$ 1.700;2;59;1;2
Gramame;R$ 650;2;59;1;2
Cabo Branco;R$ 3.500;2;60;1;2
Jardim Oceania;R$ 4.700;3;114;2;3
Roger;R$ 750;1;;1;1
Ipês;R$ 800;2;63;1;2
Aeroclube;R$ 2.300;2;60;1;2
Cabo Branco;R$ 3.500;2;64;1;1
Aeroclube;R$ 2.600;2;65;1;2
Bancários;R$ 800;2;46;1;1
Manaíra;;4;220;3;5
Manaíra;R$ 2.300;1;35;1;1
Bessa;R$ 3.200;2;60;1;1
Altiplano Cabo Branco;R$ 12.000;;335;4;5
Gramame;R$ 400;2;;0;1
Cabo Branco;R$ 1.900;2;60;1;2
Mangabeira;R$ 0;1;;0;1
Tambaú;R$ 3.600;2;60;1;1
Castelo Branco;R$ 1.250;2;60;1;2
Jardim Oceania;R$ 4.000;3;129;2;5
Bancários;R$ 1.000;2;60;1;1
Camboinha;R$ 10.000;;170;4;2
Mangabeira;R$ 650;2;;0;1
Miramar;R$ 3.000;4;90;2;3
Manaíra;R$ 3.000;3;130;2;3
Cuiá;R$ 860;3;75;1;2
Valentina de Figueiredo;R$ 700;2;;1;2
Jardim Cidade Universitária;R$ 1.450;2;60;1;2
Tambaú;R$ 3.240;3;100;1;2
Aeroclube;R$ 1.200;2;70;1;2
Pedro Gondim;R$ 1.100;2;;1;1
Jardim Oceania;R$ 3.800;2;63;2;2
Planalto Boa Esperança;R$ 550;2;;1;2
Bessa;R$ 1.100;2;58;1;2
Altiplano Cabo Branco;R$ 1.200;2;62;1;2
Cabo Branco;R$ 3.000;1;31;1;1
Bessa;R$ 2.200;1;41;0;1
Expedicionários;R$ 2.200;2;63;1;2
Expedicionários;R$ 2.500;3;80;1;3
Jardim Cidade Universitária;R$ 1.200;3;74;1;2
Jardim Cidade Universitária;R$ 1.000;3;80;1;2
Portal do Sol;R$ 1.000;2;42;1;1
Ernani Sátiro;R$ 1.000;2;45;1;1
Portal do Sol;R$ 1.000;2;41;1;1
Tambaú;R$ 3.700;2;55;1;2
João Agripino;R$ 3.000;3;82;1;2
Cabo Branco;R$ 6.000;2;64;1;1
João Agripino;R$ 1.860;3;80;2;2
Jardim Oceania;R$ 2.800;3;76;1;2
Bessa;R$ 1.900;1;34;0;1
Manaíra;R$ 4.800;4;160;3;4
Cuiá;R$ 980;2;60;1;2
Jardim Cidade Universitária;R$ 750;2;;1;2
Jaguaribe;R$ 800;2;;1;1
Muçumagro;R$ 500;2;;1;2
Manaíra;R$ 2.300;1;48;1;1
Cabo Branco;R$ 1.950;1;42;1;1
Muçumagro;R$ 450;2;50;1;2
Manaíra;R$ 2.200;1;35;1;1
Muçumagro;R$ 800;2;160;1;1
Anatólia;R$ 1.800;2;57;1;2
Jardim Oceania;R$ 3.300;3;160;2;4
Cidade dos Colibris;R$ 750;2;55;1;1
Jardim Oceania;R$ 2.800;2;64;1;2
Manaíra;R$ 2.100;2;56;1;2
Estados;R$ 4.100;3;79;2;2
Cabo Branco;R$ 4.500;2;74;4;2
Centro;R$ 1.500;2;48;1;1
Jardim Oceania;R$ 3.500;2;57;1;2
Cabo Branco;R$ 5.100;2;71;2;2
Manaíra;R$ 1.100;1;;0;1
Cabo Branco;R$ 1.800;1;30;1;1
Bessa;R$ 11.000;4;430;3;1
Gramame;R$ 700;2;;1;2
Bessa;R$ 4.400;2;68;1;2
José Américo de Almeida;;2;;1;1
Cabo Branco;R$ 2.100;1;45;1;1
Torre;R$ 1.500;3;97;1;2
Bancários;R$ 1.400;2;53;1;2
José Américo de Almeida;R$ 900;2;65;1;2
Brisamar;R$ 3.500;3;95;2;3
Portal do Sol;R$ 1.100;2;45;1;1
Tambaú;R$ 2.000;1;28;1;1
Bessa;R$ 200;1;20;1;1
José Américo de Almeida;R$ 780;2;50;1;1
Cruz das Armas;R$ 500;2;50;1;2
Cabo Branco;R$ 2.500;2;51;2;2
Jardim Cidade Universitária;R$ 1.600;2;60;1;2
Alto do Céu;R$ 800;2;50;1;1
Manaíra;R$ 2.500;1;46;1;1
Jardim Cidade Universitária;R$ 1.450;2;60;1;2
Portal do Sol;R$ 1.500;2;;1;2
Bancários;R$ 1.500;2;49;1;1
Valentina de Figueiredo;R$ 600;2;;1;1
Bessa;R$ 3.500;2;64;1;2
Portal do Sol;R$ 1.200;2;43;1;1
Jardim Cidade Universitária;R$ 1.450;2;60;1;2
Tambaú;R$ 400;2;47;1;1
Tambaú;R$ 4.500;4;165;2;2
Valentina de Figueiredo;R$ 2.800;2;;1;2
Jardim Oceania;R$ 2.940;2;57;1;2
Cabo Branco;R$ 2.600;1;35;1;1
Gramame;R$ 650;2;;1;2
Jardim Cidade Universitária;R$ 1.800;2;58;2;2
Tambaú;R$ 3.799;2;71;1;1
Jardim Cidade Universitária;R$ 1.800;2;54;2;1
Cabo Branco;R$ 10.000;4;200;2;5
Manaíra;R$ 1.700;1;50;1;2
Bancários;R$ 1.500;2;50;1;1
Portal do Sol;R$ 1.500;2;55;1;2
Intermares;R$ 1.400;2;60;1;1
Gramame;R$ 480;2;56;1;1
Cuiá;R$ 650;2;;1;2
Cabo Branco;R$ 4.800;4;190;4;5
Cabo Branco;R$ 35.000;;290;3;5
Jardim Oceania;R$ 5.000;2;62;2;2
Miramar;R$ 3.000;2;75;1;2
Tambaú;R$ 6.500;4;142;2;4
Jardim Oceania;R$ 2.900;2;58;1;2
Jaguaribe;R$ 1.100;2;48;1;1
Tambaú;R$ 3.600;3;130;2;3
Bancários;R$ 1.500;2;53;1;1
Funcionários;R$ 0;3;39000;0;1
Aeroclube;R$ 2.600;2;62;1;2
Tambaú;R$ 3.000;2;60;0;1
Jardim Oceania;R$ 4.000;3;140;2;5
José Américo de Almeida;R$ 650;2;63;1;2
Intermares;R$ 1.500;3;;1;2
Muçumagro;R$ 600;2;60;1;2
Tambauzinho;R$ 800;1;37;1;1
Jardim Cidade Universitária;R$ 1.200;2;65;1;2
Água Fria;R$ 1.050;2;60;1;2
Valentina de Figueiredo;R$ 750;2;;0;2
Jardim São Paulo;R$ 1.200;2;62;1;1
Jardim Cidade Universitária;R$ 1.650;2;58;1;2
Cabo Branco;R$ 3.500;3;90;1;2
Bessa;R$ 2.800;2;56;1;2
Pedro Gondim;R$ 1.200;2;85;1;1
Jardim Cidade Universitária;R$ 1.450;2;60;1;2
Jardim Oceania;R$ 1.800;1;32;1;1
Cabo Branco;R$ 300;2;55;2;1
Jardim Cidade Universitária;R$ 1.800;2;58;2;2
Bessa;R$ 1.800;1;34;1;1
Tambaú;R$ 3.800;2;80;2;2
Manaíra;R$ 1.800;3;65;1;1
Gramame;R$ 550;2;50;1;2
Gramame;R$ 450;2;54;1;1
Jardim Oceania;R$ 2.100;4;130;2;3
Manaíra;R$ 4.000;4;150;2;2
Ernani Sátiro;R$ 650;2;48;1;1
Jardim Cidade Universitária;R$ 1.450;2;60;1;2
Tambaú;R$ 1.450;2;60;1;1
Jardim Cidade Universitária;R$ 1.450;2;60;1;2
Altiplano Cabo Branco;R$ 10.000;;335;0;5
João Agripino;R$ 1.740;3;20;2;2
Gramame;R$ 500;2;;1;2
Altiplano Cabo Branco;R$ 10.000;3;150;2;4
Gramame;R$ 600;2;;1;2
Gramame;R$ 600;2;5000;0;1
Jardim Cidade Universitária;R$ 1.800;2;58;2;2
Jardim Cidade Universitária;R$ 1.300;3;70;1;2
Pedro Gondim;R$ 900;2;70;0;1
Jardim Cidade Universitária;R$ 1.450;2;60;1;2
Torre;R$ 2.500;3;78;1;2
Água Fria;R$ 1.200;3;;1;2
Água Fria;R$ 2.200;3;;2;3
Muçumagro;R$ 700;2;55;1;1
Cuiá;R$ 600;2;55;1;1
Manaíra;R$ 3.880;3;137;2;4
Jardim Cidade Universitária;R$ 1.450;2;60;1;2
Jardim Oceania;R$ 2.000;3;95;1;2
Tambaú;R$ 300;1;38;1;1
Tambaú;;2;60;1;2
Gramame;R$ 750;2;20;1;1
Torre;R$ 530;1;16;0;1
Gramame;R$ 550;2;20;0;1
Jardim Cidade Universitária;R$ 1.450;2;60;1;2
Cabo Branco;R$ 3.000;1;45;1;1
Bancários;R$ 2.100;2;55;1;2
Tambaú;R$ 3.800;2;80;1;1
Tambaú;;2;70;1;2
Alto do Mateus;R$ 650;2;60;1;2
Jardim Oceania;R$ 2.500;1;65;1;2
Manaíra;R$ 2.100;2;80;1;2
Muçumagro;R$ 600;2;;1;2
Manaíra;R$ 3.000;1;40;2;1
Jardim Veneza;R$ 600;2;;1;2
Planalto Boa Esperança;R$ 700;2;58;1;2
Cristo Redentor;R$ 750;2;;1;2
Cristo Redentor;R$ 800;2;;1;2
Ernani Sátiro;R$ 670;2;48;1;1
Ernani Sátiro;R$ 670;2;48;1;1
Brisamar;R$ 300;1;60;1;1
Manaíra;R$ 2.000;3;81;2;2
Brisamar;R$ 3.500;4;140;2;4
Ipês;R$ 1.500;3;75;0;2
Ipês;R$ 1.000;2;56;1;2
Planalto Boa Esperança;R$ 590;2;;1;2
Tambaú;R$ 1.800;1;40;1;1
Cabo Branco;R$ 4.500;2;74;4;2
Castelo Branco;;2;;1;2
Planalto Boa Esperança;R$ 650;2;;1;1
Castelo Branco;R$ 1.000;1;;1;1
Altiplano Cabo Branco;R$ 6.500;4;158;3;5
Bessa;R$ 1.500;2;60;1;2
Gramame;R$ 550;2;;1;2
João Paulo II;R$ 500;2;52;1;2
Paratibe;R$ 600;2;58;1;2
Planalto Boa Esperança;R$ 600;2;55;1;1
Jardim Oceania;R$ 2.200;2;57;2;2
José Américo de Almeida;R$ 1;2;;0;1
Mangabeira;R$ 750;2;60;1;1
Mumbaba;R$ 500;2;60;1;2
Indústrias;R$ 380;2;40;0;1
Jardim Oceania;R$ 3.100;3;;3;3
Cabo Branco;R$ 2.500;1;42;1;1
Cabo Branco;R$ 4.200;4;150;2;4
Ernani Sátiro;R$ 726;2;45;1;1
Jardim Oceania;R$ 3.500;1;37;1;1
Planalto Boa Esperança;R$ 900;3;59;1;2
Ponta de Campina;R$ 11.000;;200;3;5
Pedro Gondim;R$ 1.300;2;56;1;2
Brisamar;R$ 1.200;1;50;1;1
Jardim Cidade Universitária;R$ 350;2;;0;1
Cabo Branco;R$ 2.800;2;80;1;2
Bancários;R$ 1.300;2;;1;2
Aeroclube;R$ 2.600;2;65;1;2
Camboinha;R$ 0;2;75;1;2
Cabo Branco;R$ 7.000;3;133;1;3
Jardim Oceania;R$ 1.600;3;80;1;2
Tambaú;R$ 5.500;4;200;2;5
Brisamar;R$ 2.900;3;90;2;2
Jardim Oceania;R$ 250;1;;0;1
Valentina de Figueiredo;R$ 450;2;52;1;1
Camboinha;R$ 3.500;3;71;1;3
Jardim Cidade Universitária;R$ 1.650;2;60;1;2
Bancários;R$ 1.500;2;60;1;2
Manaíra;R$ 950;1;;1;1
Altiplano Cabo Branco;R$ 9.500;;336;0;5
Cabo Branco;R$ 2.700;2;60;1;2
José Américo de Almeida;R$ 1.000;2;60;1;2
Jardim Cidade Universitária;R$ 1.200;3;68;1;2
Jardim Oceania;R$ 1.500;3;112;1;3
Gramame;R$ 600;2;57;1;2
Tambaú;R$ 220;1;31;1;1
Tambaú;R$ 3.600;2;48;1;2
Jardim Oceania;R$ 3.000;3;120;2;4
Valentina De Figueiredo;R$ 550;2;;1;1
Manaíra;R$ 3.000;3;130;2;2
Manaíra;R$ 3.800;4;215;2;5
Estados;R$ 4.100;3;79;2;3
Manaíra;R$ 165;1;;1;1
Mumbaba;R$ 550;2;55;1;1
Gramame;R$ 500;2;46;1;1
Gramame;;2;;1;2
Manaíra;R$ 5.550;4;245;4;5
Manaíra;R$ 2.800;3;100;2;2
Altiplano Cabo Branco;R$ 8.000;4;223;4;5
Manaíra;R$ 2.000;2;50;1;2
Tambaú;R$ 1.500;1;38;1;1
Brisamar;R$ 1.700;1;39;0;1
Bessa;R$ 300;2;60;1;2
Bancários;R$ 1.800;3;70;1;1
Camboinha;R$ 450;2;64;1;2
Cabo Branco;R$ 2.600;1;45;1;1
Jardim Cidade Universitária;R$ 1.450;2;60;1;2
Ernesto Geisel;R$ 760;2;54;1;1
Tambaú;R$ 2.100;1;55;1;1
Cabo Branco;R$ 6.500;2;45;1;2
Brisamar;R$ 3.500;4;90;2;3
Centro;R$ 1.000;3;110;1;2
Altiplano Cabo Branco;R$ 9.500;;380;4;5
Planalto Boa Esperança;R$ 1.000;3;58;1;2
Jardim Cidade Universitária;R$ 1.200;3;75;1;2
Altiplano Cabo Branco;R$ 3.000;3;67;1;2
Cabo Branco;R$ 3.000;1;35;1;1
Cabo Branco;R$ 4.200;2;67;1;2
Roger;R$ 600;1;25;0;1
Castelo Branco;R$ 550;2;;1;2
Muçumagro;R$ 550;2;;1;1
Muçumagro;R$ 500;2;;1;1
Tambaú;R$ 1.900;2;58;1;1
Centro;R$ 550;1;;0;1
Brisamar;R$ 3.000;3;90;2;3
Tambaú;R$ 4.000;2;60;1;2
Cabo Branco;R$ 3.500;2;64;1;1
Tambaú;R$ 3.800;4;132;2;3
Manaíra;R$ 4.600;3;135;2;4
Jardim Oceania;R$ 3.000;2;58;2;2
Manaíra;R$ 2.850;2;65;1;2
Ponta de Campina;R$ 7.800;3;186;3;5
Bessa;R$ 1.300;2;;1;1
Cabo Branco;R$ 450;2;60;1;2
Manaíra;;1;;1;1
Planalto Boa Esperança;R$ 330;1;;0;1
Portal do Sol;R$ 1.000;2;;1;1
Tambauzinho;R$ 2.900;3;76;1;1
Valentina de Figueiredo;R$ 700;2;49;0;5
Jaguaribe;R$ 3.000;1;44;1;1
Jardim São Paulo;R$ 1.300;3;;0;2
Altiplano Cabo Branco;R$ 10.000;;335;0;5
Mangabeira;R$ 600;2;;0;1
Ernani Sátiro;R$ 700;2;50;1;1
Mangabeira;R$ 600;2;;0;2
Torre;R$ 2.200;2;68;1;1
Miramar;R$ 3.600;3;120;2;1
Jardim Cidade Universitária;R$ 1.450;2;60;1;2
Cabo Branco;R$ 450;2;65;1;2
Cuiá;R$ 900;2;;1;2
Muçumagro;R$ 600;2;;1;1
Manaíra;R$ 3.500;4;169;2;1
Brisamar;R$ 3.000;3;75;2;2
Jardim Oceania;R$ 2.000;3;78;1;2
Paratibe;R$ 550;2;50;1;1
Portal do Sol;R$ 160;2;60;1;1
Castelo Branco;R$ 1.350;2;54;1;2
Centro;R$ 0;2;60;1;1
Jardim Oceania;R$ 3.200;2;61;1;2
Jardim Oceania;R$ 5.500;4;215;2;4
Bessa;R$ 1.900;1;35;1;1
Cabo Branco;R$ 3.200;3;73;2;2
Jardim Cidade Universitária;R$ 1.400;2;;1;2
Bessa;R$ 1.400;2;65;1;2
Manaíra;R$ 2.600;2;;1;2
Bessa;R$ 1.400;1;36;1;1
Camboinha;R$ 11.000;3;139;3;1
Cristo Redentor;R$ 700;2;60;1;1
Aeroclube;R$ 2.500;3;72;1;3
Altiplano Cabo Branco;R$ 1.650;2;62;1;2
Cabo Branco;R$ 3.750;2;114;2;1
Cuiá;R$ 850;2;60;1;2
Cabo Branco;R$ 800;2;;1;1
Manaíra;R$ 1.700;1;38;0;1
Miramar;R$ 2.800;3;100;2;1
Miramar;R$ 2.700;3;100;2;1
Cabo Branco;R$ 2.150;1;40;1;1
Bancários;R$ 1.400;2;54;1;2
Jardim São Paulo;R$ 850;2;60;1;1
Ponta de Campina;R$ 2.900;4;150;2;3
Bancários;R$ 2.300;3;;2;2
Jardim São Paulo;R$ 890;2;59;1;1
Cristo Redentor;R$ 800;2;56;1;2
Altiplano Cabo Branco;R$ 1.600;2;66;1;2
Cabo Branco;R$ 3.500;2;60;1;2
Muçumagro;R$ 480;2;47;1;1
Jaguaribe;R$ 700;2;55;1;2
José Américo de Almeida;R$ 700;2;69;1;2
Gramame;R$ 275;2;;1;1
Anatólia;R$ 680;2;52;1;1
Mangabeira;R$ 500;2;56;1;1
Manaíra;R$ 5.500;4;265;3;5
Poço;R$ 350;2;67;1;2
Cabo Branco;R$ 4.500;2;74;4;2
Cristo Redentor;R$ 1.200;2;45;1;2
Tambaú;R$ 3.900;3;180;2;4
Ernesto Geisel;R$ 1.000;1;35;0;1
Tambaú;R$ 3.200;2;73;2;2
Altiplano Cabo Branco;R$ 5.800;3;136;2;3
Manaíra;R$ 2.000;3;72;1;2
Brisamar;R$ 4.800;4;138;2;3
José Américo de Almeida;R$ 700;2;;1;2
Miramar;R$ 2.900;3;152;2;4
Gramame;R$ 550;2;43;1;1
Manaíra;R$ 2.100;3;77;1;2
Bessa;R$ 600;3;110;1;2
Manaíra;R$ 3.300;3;72;1;2
Jardim Cidade Universitária;R$ 1.300;2;60;1;2
Manaíra;R$ 600;1;100;0;1
José Américo de Almeida;R$ 800;3;;1;1
Gramame;R$ 550;2;50;1;2
Ernani Sátiro;R$ 650;2;46;1;1
Mangabeira;R$ 800;2;92;1;2
Gramame;R$ 150;2;;1;1
Cristo Redentor;R$ 850;2;;0;
Tambaú;R$ 2.790;1;32;1;1
Cabo Branco;R$ 3.600;2;51;1;1
Altiplano Cabo Branco;R$ 8.870;4;270;4;3
Bessa;R$ 550;3;89;1;2
Cabo Branco;R$ 3.500;3;353;2;3
Centro;R$ 1.600;1;3500;0;1
Estados;R$ 1.800;2;65;1;2
Ernani Sátiro;R$ 500;1;50;1;1
Planalto Boa Esperança;R$ 800;3;;1;2
Cruz das Armas;R$ 2.000;1;100;0;
Gramame;R$ 600;2;;1;1
Manaíra;R$ 2.741;3;71;2;2
Cabo Branco;R$ 6.200;3;219;3;4
Mangabeira;R$ 2.100;2;;1;2
Gramame;R$ 600;2;;1;1
Tambaú;R$ 2.500;1;40;1;1
Jardim Cidade Universitária;R$ 1.350;3;;1;2
Manaíra;R$ 2.100;2;85;1;1
Cuiá;R$ 1.200;2;;1;2
Miramar;R$ 2.900;4;107;2;4
Gramame;R$ 600;2;;1;2
Gramame;R$ 500;2;60;1;2
Cabo Branco;;1;49;1;1
Bessa;;2;55;1;2
Jardim Oceania;R$ 4.000;2;;1;1
Bessa;R$ 5.600;;230;3;5
Muçumagro;R$ 500;2;;1;1
Muçumagro;R$ 450;2;;1;1
Gramame;R$ 500;2;45;1;2
Aeroclube;R$ 2.000;3;90;1;3
Mangabeira;R$ 450;2;;1;2
Manaíra;R$ 1;3;250;2;3
Jardim Oceania;R$ 2.200;2;57;2;2
Ernesto Geisel;R$ 780;2;54;1;1
Cabo Branco;R$ 2.400;1;40;1;1
Tambauzinho;R$ 500;3;;0;2
Estados;R$ 1.800;3;131;2;1
Camboinha;R$ 2.500;3;81;1;2
Jardim Oceania;R$ 10.000;3;175;3;5
João Agripino;R$ 2.160;3;80;1;2
Jardim São Paulo;R$ 700;2;58;1;1
Cabo Branco;R$ 1.800;3;78;1;1
Cabo Branco;R$ 3.070;2;60;1;2
Ponta de Campina;R$ 500;2;;1;1
Miramar;R$ 6.500;3;215;2;4
Trincheiras;R$ 380;1;25;0;1
Estados;R$ 3.400;4;104;2;3
Tambaú;R$ 3.500;2;52;0;1
Altiplano Cabo Branco;R$ 13.400;4;336;0;5
Tambaú;R$ 200;1;31;1;1
Castelo Branco;R$ 1.250;1;42;1;1
Brisamar;R$ 22.000;3;130;2;5
Jardim Cidade Universitária;R$ 1.600;2;;1;2
Cabo Branco;R$ 6.200;4;218;3;5
Muçumagro;R$ 10.000;2;;1;1
Portal do Sol;R$ 1.500;2;56;1;1
Camboinha;R$ 1.000;3;74;2;2
Camboinha;;3;;1;2
Torre;R$ 530;1;20;0;1
Tambaú;R$ 1.880;2;65;1;2
Muçumagro;R$ 560;2;89;1;1
Gramame;R$ 650;2;50;1;2
Cuiá;R$ 900;3;81;1;2
Ernani Sátiro;R$ 750;2;45;1;1
Água Fria;R$ 1.300;2;;1;2
Altiplano Cabo Branco;R$ 2.000;3;74;1;2
Bessa;R$ 2.000;2;56;1;2
Cabo Branco;R$ 5.100;2;74;4;2
Camboinha;R$ 2.000;2;60;1;1
Aeroclube;R$ 2.500;3;99;2;3
Tambaú;R$ 2.000;2;60;1;1
Brisamar;R$ 3.200;2;65;2;2
Manaíra;R$ 1.700;2;60;1;1
Manaíra;R$ 2.100;1;;1;1
Bancários;R$ 201.000;2;53;1;2
Miramar;R$ 4.200;3;230;2;3
Portal do Sol;R$ 1.250;3;90;1;2
Ponta de Campina;R$ 7.000;4;156;2;4
Jaguaribe;R$ 350;2;;0;1
Cidade dos Colibris;R$ 1.000;2;;1;2
Muçumagro;R$ 600;2;60;1;2
Camboinha;R$ 250;3;90;1;4
Tambaú;R$ 2.500;1;35;1;1
Bessa;R$ 240;2;60;1;1
Cabo Branco;R$ 5.800;4;190;4;5
Manaíra;R$ 3.500;2;65;1;2
Camboinha;R$ 15.000;2;76;1;2
Gramame;R$ 450;2;;1;1
João Paulo II;R$ 750;2;;1;2
Anatólia;R$ 1.150;2;;0;1
Jardim Cidade Universitária;R$ 1.300;2;60;1;2
Anatólia;R$ 1.200;2;;0;1
Brisamar;R$ 3.000;3;78;1;2
Cuiá;R$ 670;2;;1;2
Jardim Cidade Universitária;R$ 1.000;3;70;1;1
Altiplano Cabo Branco;R$ 3.400;3;72;2;3
Poço;R$ 300;3;;1;2
Manaíra;R$ 3.000;3;;1;2
Camboinha;R$ 2.000;3;83;1;2
Bessa;R$ 1.400;1;;1;1
Muçumagro;R$ 400;2;;0;2
Altiplano Cabo Branco;R$ 10.000;4;335;0;5
Manaíra;R$ 2.500;1;35;1;1
José Américo de Almeida;R$ 660;3;;1;2
Mangabeira;R$ 700;2;;1;2
Jardim Oceania;R$ 2.000;1;35;1;1
Castelo Branco;R$ 900;2;56;1;1
Cuiá;R$ 450;2;;1;2
Valentina de Figueiredo;R$ 850;3;;1;2
Camboinha;R$ 4.000;2;;0;1
Tambaú;R$ 1.500;2;54;1;1
Manaíra;R$ 2.300;3;119;2;1
Bancários;R$ 950;2;;1;1
Paratibe;R$ 350;2;;0;1
Jardim Oceania;R$ 3.500;2;57;1;2
Jardim Cidade Universitária;R$ 1.200;3;;2;2
Aeroclube;R$ 3.000;2;150;1;1
Bessa;;3;110;1;3
Manaíra;R$ 3.800;3;150;2;4
Tambauzinho;R$ 850;1;;0;
Bessa;R$ 1.600;2;57;1;2
Gramame;R$ 450;2;;1;1
Manaíra;R$ 3.000;3;136;0;3
Portal do Sol;R$ 1.100;2;46;1;1
Tambaú;R$ 2.700;2;115;1;2
Ernani Sátiro;R$ 600;2;;1;2
Miramar;R$ 300;1;28;1;1
Gramame;R$ 550;2;;1;2
Manaíra;R$ 2.000;3;;1;3
Bessa;R$ 1.200;2;;1;1
Cabo Branco;R$ 12.000;4;168;3;4
Ernesto Geisel;;2;55;1;2
Alto do Mateus;R$ 400;1;;1;1
Altiplano Cabo Branco;R$ 6.000;4;216;4;4
Jardim Oceania;R$ 500;1;;1;1
Planalto Boa Esperança;R$ 550;2;60;1;2
Gramame;;2;;1;1
Mangabeira;R$ 400;1;;0;1
Miramar;R$ 4.000;4;172;3;3
Manaíra;;1;;2;1
Cabo Branco;R$ 4.000;2;38;0;2
Cabo Branco;R$ 5.000;1;52;1;1
Jardim Oceania;R$ 6.000;4;;2;5
Cabo Branco;R$ 3.900;1;45;1;1
Tambaú;R$ 8.500;2;111;2;2
Miramar;R$ 2.700;2;60;1;2
Cabo Branco;R$ 500;2;54;1;2
Bancários;R$ 1.200;2;;1;2
Cuiá;R$ 780;2;66;1;2
Cabo Branco;R$ 3.100;2;60;1;2
Manaíra;R$ 2.800;3;;2;2
Manaíra;R$ 2.800;3;;2;2
Cabo Branco;R$ 4.000;2;45;1;1
Cabo Branco;R$ 300;2;45;1;2
Bessa;R$ 600;2;48;1;2
Planalto Boa Esperança;R$ 800;2;65;1;2
Bessa;R$ 1.500;3;70;1;1
Jardim Cidade Universitária;R$ 1.450;2;60;1;2
Ponta de Campina;R$ 7.350;4;;2;4
Manaíra;R$ 1.900;2;70;1;2
Gramame;;2;;0;1
Cabo Branco;R$ 4.900;2;;2;3
Gramame;R$ 450;2;;1;1
Manaíra;R$ 2.200;1;41;1;1
Camboinha;R$ 20.000;4;130;1;1
Jardim Oceania;R$ 7.800;;250;2;5
Miramar;R$ 1.700;1;45;1;1
Miramar;R$ 1.800;2;58;1;2
Bessa;R$ 1.950;3;100;1;3
Cuiá;R$ 670;2;;1;2
Ernesto Geisel;R$ 760;3;94;2;2
Alto do Mateus;R$ 300;4;;2;3
Cabo Branco;R$ 10.000;4;212;3;5
Bessa;R$ 700;2;53;1;1
Jardim São Paulo;R$ 800;2;47;1;1
Tambaú;R$ 6.000;4;290;3;5
Manaíra;R$ 2.200;2;60;1;3
Jardim Oceania;R$ 250;3;;1;2
Jardim Cidade Universitária;R$ 1.900;2;10;2;2
Aeroclube;R$ 2.900;3;90;2;2
Cabo Branco;R$ 4.800;4;190;4;5
Aeroclube;R$ 1.400;3;70;1;1
Jardim Oceania;R$ 3.200;2;;1;3
Mangabeira;R$ 550;1;;1;1
Jardim Cidade Universitária;R$ 1.000;2;67;0;1
Manaíra;R$ 4.500;2;90;1;2
Manaíra;R$ 1.650;2;55;1;1
Manaíra;R$ 1.500;3;143;1;1
Tambauzinho;R$ 1.500;2;65;1;1
Cabo Branco;R$ 2.500;2;56;1;2
Bancários;R$ 1.450;3;;1;2
Bancários;R$ 1.300;2;62;1;1
Trincheiras;R$ 350;1;30;0;1
João Agripino;R$ 4.200;4;150;3;4
Manaíra;R$ 2.800;1;48;1;1
João Paulo II;R$ 700;2;;1;2
Tambaú;R$ 6.000;2;78;2;2
Tambaú;R$ 2.200;2;55;1;1
Portal do Sol;R$ 100;1;25;1;1
Gramame;R$ 580;2;;1;2
Trincheiras;R$ 350;1;;0;1
Manaíra;R$ 4.800;3;135;2;3
Trincheiras;R$ 350;1;30;0;1
José Américo de Almeida;R$ 1.000;3;60;1;2
Jardim Oceania;R$ 5.650;3;136;3;4
Brisamar;R$ 3.200;2;65;2;2
Manaíra;R$ 2.300;1;55;1;1
Cabo Branco;R$ 3.000;2;50;1;2
Portal do Sol;R$ 1.200;2;;1;
Ernani Sátiro;R$ 700;2;;1;1
Ponta de Campina;R$ 600;2;57;1;2
Planalto Boa Esperança;R$ 550;2;;1;2
Gramame;R$ 520;2;;1;2
Bessa;R$ 1.200;1;;0;1
Manaíra;R$ 250;1;;1;1
Manaíra;R$ 3.500;4;152;2;4
Cuiá;R$ 1.500;3;68;1;2
Bessa;R$ 1.750;3;80;1;2
Cabo Branco;R$ 2.400;3;100;2;2
Manaíra;R$ 4.000;3;100;2;3
Jardim Oceania;R$ 3.300;2;67;1;2
Altiplano Cabo Branco;R$ 10.750;3;335;0;2
Cristo Redentor;R$ 900;2;60;1;2
Intermares;R$ 1.600;1;40;1;1
Altiplano Cabo Branco;R$ 7.100;4;220;4;4
Manaíra;;1;42;1;1
Areia Dourada;R$ 9.000;4;347;3;5
Bessa;R$ 2.200;2;54;1;2
Estados;R$ 3.300;4;;2;3
Brisamar;R$ 3.200;2;65;1;2
Cidade dos Colibris;R$ 800;2;60;1;2
Valentina de Figueiredo;R$ 700;2;51;1;1
João Paulo II;R$ 720;2;56;1;2
Areia Dourada;R$ 10.000;4;290;3;5
Manaíra;R$ 3.000;3;;2;2
Tambaú;R$ 8.000;2;128;2;2
Jardim Cidade Universitária;;2;;1;1
Tambaú;R$ 2.500;3;140;0;4
Manaíra;R$ 3.500;3;70;1;2
Poço;R$ 300;2;;1;2
João Agripino;R$ 4.500;4;250;2;4
Valentina de Figueiredo;R$ 750;2;;1;2
Bessa;R$ 5.000;2;;1;2
Cuiá;R$ 500;2;46;1;1
Aeroclube;R$ 3.000;3;;1;2
Cabo Branco;R$ 1.800;3;105;1;1
Bancários;R$ 1.400;2;;1;2
Oitizeiro;R$ 500;2;;1;2
Bancários;R$ 2.000;3;76;1;2
Jardim São Paulo;R$ 1.300;2;;1;1
Ernesto Geisel;R$ 720;2;;0;2
Bessa;R$ 1.800;1;;0;1
Bancários;R$ 700;1;42;1;1
Jardim São Paulo;R$ 1.000;2;;1;1
Jardim Cidade Universitária;R$ 1.500;2;;1;2
Torre;R$ 1.800;3;60;1;2
Bessa;R$ 1.550;2;52;1;2
Mangabeira;R$ 750;2;;1;1
João Agripino;R$ 1.900;3;80;2;1
Poço;;2;58;1;2
Cabo Branco;R$ 2.000;1;36;0;1
Água Fria;R$ 1.550;2;56;1;1
Paratibe;R$ 600;2;55;1;2
Muçumagro;R$ 350;2;;1;1
João Agripino;R$ 1.820;2;80;1;1
Manaíra;R$ 800;;;1;1
Cabo Branco;R$ 2.700;2;64;1;2
Manaíra;R$ 2.200;1;36;1;1
Jardim Oceania;R$ 550;2;;1;1
Manaíra;R$ 1.850;3;100;0;3
Cabo Branco;R$ 2.200;1;37;1;1
Gramame;R$ 1.200;2;52;1;1
Miramar;R$ 1.850;2;;1;2
Gramame;R$ 500;2;;1;2
Ernesto Geisel;R$ 850;2;;1;2
Muçumagro;R$ 400;2;;1;2
Aeroclube;R$ 2.600;3;100;2;3
Cidade dos Colibris;R$ 700;2;75;1;2
Alto do Céu;R$ 650;2;;1;2
João Agripino;R$ 749.900;4;220;2;5
Tambaú;R$ 1.500;1;31;1;1
Gramame;R$ 700;2;53;1;2
Jardim Oceania;R$ 7.500;2;70;0;
Cabo Branco;R$ 5.000;4;183;3;3
Jaguaribe;R$ 0;2;;0;1
Ernani Sátiro;R$ 700;2;;1;1
Manaíra;R$ 1.500;2;63;1;1
Mumbaba;R$ 800;2;;1;2
Aeroclube;R$ 2.850;2;60;2;2
Gramame;R$ 500;2;;1;2
Muçumagro;R$ 350;2;42;1;2
Cabo Branco;R$ 3.500;2;60;1;2
Jardim Cidade Universitária;R$ 1.000;2;;1;2
Muçumagro;R$ 550;2;;1;2
Cidade dos Colibris;R$ 900;2;74;3;2
Cidade dos Colibris;R$ 900;2;74;3;2
Cidade dos Colibris;R$ 900;2;74;3;2
Tambaú;R$ 2.500.000;3;80;2;3
Planalto Boa Esperança;R$ 600;2;68;1;2
Tambaú;R$ 3.300;3;138;1;4
Miramar;R$ 1.850;2;75;2;2
Tambaú;R$ 2.600;3;101;2;1
Aeroclube;R$ 1.600;3;80;1;2
Gramame;R$ 100;1;;1;1
Bancários;R$ 1.350;2;62;1;2
Cristo Redentor;R$ 900;2;64;1;2
Estados;R$ 950;1;;0;1
Tambauzinho;R$ 1.200;1;45;0;1
Mangabeira;R$ 700;2;50;1;1
Paratibe;R$ 400;2;;1;2
Ponta de Campina;R$ 11.000;2;69;1;2
Manaíra;R$ 2.500;1;37;0;1
Muçumagro;R$ 570;2;;0;1
Cabo Branco;R$ 3.800;1;45;1;1
Cabo Branco;R$ 2.300;1;56;1;1
Gramame;R$ 600;2;52;1;2
Tambauzinho;R$ 1.100;2;50;1;1
Altiplano Cabo Branco;R$ 2.650;2;54;1;2
Altiplano Cabo Branco;R$ 6.300;4;158;3;5
Gramame;R$ 600;2;;1;1
Manaíra;R$ 1.300;3;75;1;2
Gramame;R$ 500;2;70;1;2
Expedicionários;R$ 600;2;58;1;1
Tambauzinho;R$ 1.150;3;68;1;2
Gramame;R$ 450;2;;1;1
Cuiá;R$ 900;2;54;1;2
Jardim Cidade Universitária;R$ 1.950;2;;1;2
João Agripino;R$ 2.342;3;80;1;2
Brisamar;R$ 2.800;2;52;1;2
Oitizeiro;R$ 650;2;55;1;1
Jardim Cidade Universitária;R$ 1.000;3;74;1;2
Muçumagro;R$ 400;2;;1;1
Bessa;R$ 3.500;1;45;1;2
Manaíra;R$ 1.700;1;45;1;1
Intermares;R$ 150;2;64;1;2
Altiplano Cabo Branco;R$ 1.450;2;58;1;2
Torre;R$ 1.500;3;75;1;2
Manaíra;R$ 1.700;1;45;1;1
Jardim Cidade Universitária;R$ 1.100;3;70;0;
Gramame;R$ 600;2;55;1;2
Poço;R$ 300;2;55;1;2
Mangabeira;R$ 850;2;56;1;2
João Agripino;R$ 2.341;3;80;1;2
Tambaú;R$ 3.299;2;45;1;1
Varadouro;R$ 650;2;60;1;2
Aeroclube;R$ 1.500;1;35;1;1
Cabo Branco;R$ 2.448;2;60;2;2
Tambaú;R$ 3.000;1;26;1;1
Manaíra;R$ 1.600;1;45;1;1
Gramame;R$ 500;2;52;1;1
Bessa;R$ 1.200;1;;0;1
Cuiá;R$ 500;2;50;1;2
Manaíra;R$ 3.200;3;100;2;3
Gramame;R$ 600;2;;2;2
Ernani Sátiro;R$ 650;2;47;1;1
Ponta de Campina;R$ 250;2;60;1;2
Intermares;R$ 2.300;2;86;1;3
Camboinha;;3;83;1;2
Jardim Oceania;R$ 10.000;2;70;1;1
Mangabeira;R$ 900;2;;1;2
Funcionários;R$ 450;2;;1;1
Ponta de Campina;R$ 4.000;3;;1;2
Cabo Branco;R$ 4.200;2;124;2;2
Valentina de Figueiredo;R$ 750;2;;0;2
Gramame;;2;;1;1
Muçumagro;R$ 650;2;;1;2
Manaíra;R$ 3.000;3;81;2;2
Tambaú;R$ 2.000;3;113;0;1
Manaíra;R$ 2.400;2;78;2;2
Água Fria;R$ 4.500;4;86;2;3
Jardim Cidade Universitária;R$ 1.300;2;64;1;2
Torre;R$ 940;3;93;1;2
Gramame;R$ 625;2;55;1;2
Manaíra;R$ 3.000;3;100;2;3
Aeroclube;R$ 2.300;1;41;1;1
Gramame;R$ 550;2;50;1;1
Tambaú;R$ 2.800;3;130;2;4
Gramame;R$ 470;2;;1;1
Costa e Silva;R$ 550;2;60;1;1
Poço;R$ 250;2;62;1;2
Jardim Cidade Universitária;R$ 900;2;58;0;2
Ernani Sátiro;R$ 700;2;;1;1
Altiplano Cabo Branco;R$ 10.433;4;270;4;5
Altiplano Cabo Branco;R$ 8.613;4;220;4;5
Altiplano Cabo Branco;R$ 4.500;3;108;2;4
Manaíra;R$ 2.700;2;58;1;2
Ernesto Geisel;R$ 800;2;60;1;2
Jardim Cidade Universitária;R$ 750;2;60;1;2
Planalto Boa Esperança;R$ 600;2;60;1;2
Aeroclube;R$ 2.800;2;95;1;2
Bessa;R$ 3.200;3;94;1;3
Jardim Veneza;R$ 700;2;;1;1
Gramame;R$ 800;2;52;1;2
Altiplano Cabo Branco;R$ 4.900;2;70;2;2
Ponta de Campina;R$ 350;2;350;1;1
Jardim Oceania;R$ 2.200;2;57;1;2
Planalto Boa Esperança;R$ 650;2;56;1;2
Camboinha;R$ 6.000;2;110;1;2
Cruz das Armas;R$ 5.000;4;218;3;4
Cristo Redentor;R$ 1.000;3;80;1;2
Jardim Oceania;R$ 4.000;2;50;1;2
Mangabeira;R$ 600;1;;0;1
Bessa;R$ 1.900;1;35;0;1
Ponta de Campina;R$ 400;2;67;1;2
Cabo Branco;R$ 5.800;3;130;2;4
Altiplano Cabo Branco;R$ 6.770;4;220;4;1
Altiplano Cabo Branco;R$ 8.100;4;274;4;5
Altiplano Cabo Branco;R$ 10.150;4;335;0;5
Paratibe;R$ 550;1;52;1;1
Estados;R$ 770;1;;0;1
Jardim Cidade Universitária;R$ 1.700;2;57;1;2
Cabo Branco;R$ 2.300;1;;1;1
Ernani Sátiro;R$ 700;1;36;1;1
Manaíra;R$ 1.700;1;;1;1
Gramame;R$ 550;2;;1;1
Cabo Branco;R$ 3.500;2;62;1;2
Camboinha;R$ 500;3;136;3;2
Bessa;R$ 800;1;;0;1
Cabo Branco;;2;45;1;2
Gramame;R$ 500;2;50;1;1
Miramar;R$ 2.700;2;60;1;2
Bancários;R$ 900;2;62;0;1
Gramame;R$ 1.200;2;62;1;2
Altiplano Cabo Branco;R$ 3.220;3;82000;2;2
Gramame;R$ 480;2;49;1;2
Ponta de Campina;R$ 250;2;60;1;1
Tambaú;R$ 3.500;2;70;1;2
Cabo Branco;R$ 2.448;2;60;2;2
Cabo Branco;R$ 3.500;2;60;2;1
Tambaú;R$ 2.800;2;65;1;2
Tambaú;R$ 5.500;4;200;2;5
Tambaú;R$ 3.000;3;;1;2
Tambauzinho;R$ 1.030;2;42;1;1
Cabo Branco;R$ 380;3;130;1;2
Funcionários;;4;;0;5
Bessa;R$ 1.100;3;77;2;2
Manaíra;R$ 4.900;4;150;3;3
Jaguaribe;R$ 800;2;;1;2
Manaíra;R$ 4.500;4;180;2;4
Jardim Oceania;R$ 3.500;2;57;1;2
Portal do Sol;R$ 1.400;2;42;1;1
Estados;;2;60;1;2
Manaíra;R$ 2.300;3;110;1;2
Muçumagro;R$ 700;2;48;1;2
Mangabeira;R$ 550;2;100;0;1
Cristo Redentor;R$ 100;2;70;1;2
Funcionários;R$ 880;3;88;1;2
Gramame;R$ 700;2;;0;1
Indústrias;R$ 600;2;49;1;1
Areia Dourada;R$ 3.350;3;121;2;2
Camboinha;R$ 0;3;117;1;3
Bancários;R$ 1.300;2;54;1;2
Roger;R$ 980;3;65;1;2
Bancários;R$ 1.800;3;55;1;
Aeroclube;R$ 2.300;1;44;1;1
Gramame;R$ 600;2;60;1;1
Bessa;R$ 1.400;2;56;1;2
Jardim Cidade Universitária;R$ 2.200;2;90;1;2
Torre;R$ 1.800;2;83;2;1
Cabo Branco;R$ 5.500;3;150;2;3
Cabo Branco;R$ 4.200;4;140;2;4
José Américo de Almeida;R$ 1.000;3;60;1;2
Jardim Cidade Universitária;R$ 1.650;2;59;1;2
Cabo Branco;R$ 6.000;2;144;2;2
Ernesto Geisel;R$ 820;3;75;1;2
Camboinha;R$ 300;3;104;1;2
Cabo Branco;R$ 4.950;3;160;3;3
Camboinha;R$ 4.000;3;100;1;3
Bessa;R$ 1.200;1;;0;1
Jardim Veneza;R$ 400;2;;1;2
Muçumagro;R$ 700;2;75;1;2
Intermares;R$ 1.800;2;90;1;1
Camboinha;R$ 15.000;3;135;3;2
Cristo Redentor;R$ 165.000;3;;1;2
Altiplano Cabo Branco;R$ 6.520;2;160;2;3
Altiplano Cabo Branco;R$ 7.100;3;240;4;4
Estados;R$ 3.300;2;73;2;2
Poço;;3;250;2;4
Jardim Cidade Universitária;R$ 1.200;2;73;1;2
Portal do Sol;R$ 700;1;;1;1
Camboinha;R$ 22.000;4;150;1;4
Manaíra;R$ 3.200;3;75;2;3
Jardim Cidade Universitária;R$ 700;2;60;1;1
Manaíra;R$ 500;4;;1;2
Jardim Cidade Universitária;R$ 1.800;2;60;2;2
Tambaú;R$ 5.000;4;190;3;2
Manaíra;R$ 670;1;;0;5
Portal do Sol;R$ 1.200;2;;1;2
Jardim Cidade Universitária;R$ 1.150;2;;1;1
José Américo de Almeida;R$ 600;1;;0;1
Jardim Cidade Universitária;R$ 1.450;2;60;1;2
Tambaú;R$ 2.500;2;56;1;1
Brisamar;R$ 2.300;2;52;1;2
Ponta de Campina;;3;118;2;4
Manaíra;R$ 3.000;3;70;1;3
Cidade dos Colibris;R$ 700;2;68;1;2
Portal do Sol;R$ 1.000;2;42;1;1
Tambaú;R$ 3.500;2;70;1;2
Jardim Oceania;R$ 2.500;4;100;1;3
Jardim Cidade Universitária;R$ 1.450;2;60;1;2
Manaíra;R$ 1.600;3;80;1;2
Cristo Redentor;R$ 0;2;;0;3
Miramar;R$ 7.000;3;177;4;4
Mangabeira;R$ 180;1;20;1;1
Manaíra;R$ 1.700;2;40;0;2
Muçumagro;R$ 550;2;;1;1
Expedicionários;R$ 1.350;2;55;1;2
Gramame;R$ 600;2;;1;2
Intermares;R$ 3.000;3;130;2;4
Cabo Branco;R$ 2.999;3;92;2;3
Tambaú;R$ 2.700;2;55;0;2
Altiplano Cabo Branco;R$ 5.500;3;160;2;4
Cabo Branco;R$ 1.800;1;40;0;1
Cabo Branco;R$ 5.000;4;240;2;5
Gramame;R$ 600;2;;1;1
Ernesto Geisel;R$ 1.100;3;80;1;2
Altiplano Cabo Branco;R$ 7.000;3;140;2;5
Jardim Cidade Universitária;R$ 1.200;3;100;2;2
Ernani Sátiro;R$ 650;2;;1;1
Torre;R$ 1.800;2;60;1;2
Torre;R$ 1.650;2;60;1;2
Mangabeira;R$ 700;1;48;0;1
José Américo de Almeida;R$ 950;3;75;1;1
Intermares;R$ 1.600;1;35;1;1
Cabo Branco;R$ 3.200;2;62;1;2
Oitizeiro;R$ 680;2;55;1;1
Tambaú;R$ 2.550;2;55;1;2
Jardim Oceania;R$ 4.700;3;114;2;3
Gramame;R$ 500;2;47;1;1
Varjão;R$ 900;2;60;1;2
Manaíra;R$ 3.200;2;80;1;2
José Américo de Almeida;R$ 1.100;3;82;2;2
Tambaú;R$ 300;2;;1;1
Gramame;R$ 650;2;;1;1
Cabo Branco;R$ 2.500;3;110;2;3
Aeroclube;R$ 1.500;4;100;1;2
Miramar;R$ 7.500;4;207;3;5
Manaíra;R$ 1.550;1;;1;1
Bancários;R$ 1.500;2;55;1;2
Cristo Redentor;R$ 950;2;55;1;1
Manaíra;R$ 2.300;3;90;1;2
Cabo Branco;R$ 2.500;4;113;1;3
Mangabeira;R$ 450;1;;0;1
Ernani Sátiro;R$ 650;2;50;1;1
Manaíra;R$ 4.000;4;205;2;5
Jardim São Paulo;R$ 1.400;2;60;1;2
Jardim Cidade Universitária;R$ 1.200;2;53;1;2
Cabo Branco;R$ 4.200;2;68;1;2
Gramame;R$ 2.500;2;60;0;1
Jardim Oceania;R$ 3.700;2;63;2;1
Gramame;R$ 420;2;36;1;1
Miramar;R$ 2.500;2;60;1;2
Muçumagro;R$ 580;2;;1;1
Bancários;R$ 1.300;2;65;1;2
Camboinha;R$ 1.200;2;70;1;2
Poço;R$ 30.000;4;179;2;4
João Paulo II;R$ 620;2;;1;2
Ernani Sátiro;R$ 650;2;;1;1
Tambaú;R$ 2.750;4;160;3;4
Tambaú;R$ 2.500;1;25;1;1
Muçumagro;R$ 600;2;45;1;1
Miramar;R$ 3.200;3;10;2;2
Cabo Branco;R$ 2.300;1;40;1;1
Aeroclube;R$ 1.100;2;65;1;2
Funcionários;R$ 600;2;62;0;1
Planalto Boa Esperança;R$ 46.000;2;60;1;2
Centro;R$ 600;1;60;1;1
Paratibe;R$ 670;2;;1;2
Tambaú;R$ 500;1;120;1;1
Brisamar;R$ 2.300;3;100;2;2
Planalto Boa Esperança;R$ 600;2;57;1;2
Aeroclube;R$ 1.700;3;70;1;3
Cabo Branco;R$ 2.500;1;66;1;2
Bessa;R$ 1.700;3;120;1;2
Estados;R$ 4.100;3;79;2;3
Cabo Branco;R$ 4.500;2;74;4;2
Jardim Oceania;R$ 3.300;1;50;1;2
Cabo Branco;R$ 2.000;1;28;1;1
Manaíra;R$ 3.000;3;147;1;3
Intermares;R$ 1.800;2;60;1;2
Manaíra;R$ 2.000;1;40;1;1
Camboinha;R$ 6.000;3;80;1;1
Cabo Branco;R$ 2.500;2;44;1;1
Brisamar;R$ 4.500;3;83;2;3
Bessa;R$ 2.500;1;48;1;1
Jardim São Paulo;R$ 800;1;60;1;1
Tambaú;R$ 5.500;4;374;2;5
Areia Dourada;R$ 30.000;3;90;2;2
Gramame;R$ 700;2;55;1;2
Manaíra;R$ 3.000;4;146;1;3
Cabo Branco;R$ 2.100;1;40;1;1
Tambaú;R$ 9.000;;450;3;5
João Agripino;R$ 3.200;2;85;1;1
Tambaú;R$ 2.300;3;110;1;2
Jardim Cidade Universitária;R$ 1.500;2;60;1;2
Cabo Branco;R$ 3.500;2;67;1;1
Água Fria;R$ 850;3;70;1;1
Manaíra;R$ 1.000;1;38;1;1
Cuiá;R$ 900;3;65;1;1
Tambaú;R$ 2.500;3;100;2;2
Jardim São Paulo;R$ 700;2;55;1;1
Cabo Branco;R$ 700;2;122;2;2
Cabo Branco;R$ 3.500;2;60;2;2
Cabo Branco;R$ 4.500;2;10;4;2
Brisamar;R$ 6.000;3;311;0;5
Cabo Branco;R$ 4.500;2;74;4;1
Tambaú;R$ 4.500;4;140;2;4
Altiplano Cabo Branco;R$ 7.500;4;220;4;4
João Agripino;R$ 3.220;2;80;1;1
Miramar;R$ 4.800;4;270;2;5
Manaíra;R$ 1.700;1;40;1;1
Bessa;R$ 4.400;2;74;1;2
Bessa;R$ 1.600;2;60;1;2
Jardim Oceania;R$ 7.000;;270;2;4
Cabo Branco;R$ 3.500;2;65;1;2
João Agripino;R$ 1.920;3;80;2;2
Intermares;R$ 3.700;3;245;2;3
Portal do Sol;R$ 1.100;2;55;1;1
Manaíra;R$ 3.500;1;35;1;1
Bessa;R$ 3.000;1;60;1;2
Brisamar;R$ 3.000;2;;1;2
Tambaú;R$ 3.000;2;61;1;1
Tambaú;R$ 2.800;2;62;1;1
Jardim Oceania;R$ 3.200;2;58;1;1
Intermares;R$ 6.000;3;68;1;2
Miramar;R$ 2.200;1;43;1;1
Aeroclube;R$ 2.000;3;75;2;3
Tambaú;R$ 4.500;3;117;2;1
Bessa;R$ 2.200;4;112;1;3
Cabo Branco;R$ 4.500;2;76;1;1
Bessa;R$ 3.000;2;68;1;2
Jardim Cidade Universitária;R$ 1.600;3;82;1;1
Estados;R$ 3.500;3;90;2;3
Manaíra;R$ 5.500;4;220;2;5
Estados;R$ 4.500;3;124;2;4
Tambaú;R$ 2.400;3;101;2;3
Camboinha;R$ 10.000;3;130;3;2
Camboinha;R$ 500;3;130;3;2
Altiplano Cabo Branco;R$ 11.000;4;335;0;2
Tambaú;R$ 5.500;4;147;2;4
Manaíra;R$ 2.800;3;82;3;2
Portal do Sol;R$ 10.500;4;350;4;5
Manaíra;R$ 4.800;4;200;3;5
Altiplano Cabo Branco;R$ 7.157;4;220;4;5
Manaíra;R$ 3.000;4;150;0;5
Tambaú;R$ 2.800;2;62;1;1
Tambaú;R$ 3.000;2;61;1;1
Tambaú;R$ 2.100;2;50;1;1
João Agripino;R$ 1.800;3;80;2;2
Gramame;R$ 600;2;53;1;1
Jardim Cidade Universitária;R$ 1.700;2;58;1;1
Bessa;R$ 1.400;2;60;1;1
Bessa;R$ 1.400;1;40;1;1
Jardim Cidade Universitária;R$ 1.000;2;55;1;1
Ernani Sátiro;R$ 700;2;48;1;1
Bessa;R$ 4.500;2;70;2;2
Tambaú;R$ 3.000;2;61;1;1
Tambaú;R$ 2.500;2;62;1;1
Aeroclube;R$ 3.200;2;61;0;2
Bessa;R$ 1.400;1;38;1;1
Tambaú;R$ 2.500;2;68;1;2
Ponta de Campina;R$ 1.100;2;50;1;1
Bessa;R$ 1.800;1;38;0;1
Bessa;R$ 2.000;1;32;1;1
Bessa;R$ 1.500;1;35;1;1
Aeroclube;R$ 1.900;1;35;0;1
Jardim Cidade Universitária;R$ 1.200;2;54;1;1
Cabo Branco;R$ 2.000;2;45;1;2
Bessa;R$ 2.200;1;38;0;1
Jardim Oceania;R$ 2.500;2;60;1;2
Bessa;R$ 1.500;1;34;0;1
Cabo Branco;R$ 2.800;2;62;1;1
Tambaú;R$ 3.000;2;62;1;1
Tambaú;R$ 3.000;2;64;1;1
Cabo Branco;R$ 2.400;1;10;1;1
Bessa;R$ 1.900;1;40;1;1
Ponta de Campina;R$ 1.200;2;54;1;1
Gramame;R$ 550;2;56;1;1
Cabo Branco;R$ 2.900;2;76;2;3
Manaíra;R$ 2.500;2;65;1;2
Cabo Branco;R$ 5.200;2;74;1;1
Bancários;R$ 1.450;2;58;1;1
Cabo Branco;R$ 2.400;1;45;1;1
Água Fria;R$ 999;1;35;0;1
Bessa;R$ 2.500;3;60;1;1
Mangabeira;R$ 400;1;32;0;1
Ponta de Campina;R$ 5.800;3;82;2;2
Tambaú;R$ 5.000;2;65;1;1
Tambaú;R$ 2.000;1;50;1;1
Cabo Branco;R$ 2.998;2;60;1;2
Cabo Branco;R$ 3.200;2;90;1;2
Tambaú;R$ 4.300;4;166;2;5
Ponta de Campina;R$ 300;2;62;1;1
Cidade dos Colibris;R$ 750;2;56;1;2
Bancários;R$ 1.400;3;85;1;1
Cabo Branco;R$ 6.200;2;75;3;1
João Agripino;R$ 2.500;3;83;2;1
Aeroclube;R$ 1.850;3;76;1;3
Cabo Branco;R$ 4.100;2;76;1;2
Tambaú;R$ 2.200;2;52;1;1
Tambaú;R$ 2.200;2;65;1;1
Tambaú;R$ 2.200;2;65;1;1
Cabo Branco;R$ 3.000;2;65;1;2
Paratibe;R$ 600;2;57;1;1
Cabo Branco;R$ 6.200;2;74;3;3
Manaíra;R$ 2.000;3;80;1;2
Paratibe;R$ 700;3;85;0;2
Intermares;R$ 170;1;10;1;1
Jardim Cidade Universitária;R$ 1.800;2;60;1;2
Pedro Gondim;R$ 3.700;3;107;4;4
Tambaú;R$ 4.000;4;140;2;4
Cabo Branco;R$ 2.300;2;47;1;2
Ernesto Geisel;R$ 600;2;50;1;1
Cabo Branco;R$ 5.500;2;74;3;3
Jardim São Paulo;R$ 1.300;3;75;1;1
Cabo Branco;R$ 2.500;2;60;2;1
Tambaú;R$ 2.200;2;60;1;1
Torre;R$ 2.500;3;110;2;3
Manaíra;R$ 2.000;2;78;1;3
Bessa;R$ 4.000;3;120;2;1
Ernesto Geisel;R$ 850;2;57;1;1
Bessa;R$ 6.000;3;110;2;2
Manaíra;R$ 7.500;4;208;4;5
Jardim Oceania;R$ 3.500;2;45;1;1
Manaíra;R$ 3.600;4;122;2;5
Jardim Oceania;R$ 3.000;3;80;1;3
Tambaú;R$ 3.800;3;110;2;3
Bessa;R$ 1.900;1;35;0;1
Tambaú;R$ 6.000;3;135;3;4
João Paulo II;R$ 600;2;60;1;2
Jardim Cidade Universitária;R$ 1.250;3;80;1;2
Cabo Branco;R$ 3.500;2;65;1;2
Manaíra;R$ 2.500;3;143;0;3
Cabo Branco;R$ 2.600;2;51;2;1
Camboinha;R$ 1.450;2;65;1;2
Jardim Oceania;R$ 3.700;3;110;2;4
Água Fria;R$ 850;3;55;1;2
Centro;R$ 1.450;2;45;1;1
Estados;R$ 6.000;3;139;3;4
Camboinha;R$ 1.800;2;60;1;2
Manaíra;R$ 3.500;2;58;1;2
João Agripino;R$ 2.800;3;80;2;1
Aeroclube;R$ 9.000;4;220;3;5
Jardim Cidade Universitária;R$ 1.200;2;55;1;2
Bessa;R$ 3.500;3;66;1;2
Camboinha;R$ 10.000;4;180;2;4
Camboinha;R$ 1.500;2;70;2;2
Manaíra;R$ 6.000;4;540;2;2
Jardim Cidade Universitária;R$ 1.100;3;86;0;1
Aeroclube;R$ 2.800;2;65;2;2
Cabo Branco;R$ 4.000;4;140;2;4
Manaíra;R$ 4.900;;260;3;5
Cabo Branco;R$ 3.000;2;55;2;2
Cabo Branco;R$ 4.200;4;140;2;4
Jardim Oceania;R$ 8.300;;300;4;5
Bancários;R$ 1.200;2;58;1;1
Aeroclube;R$ 8.000;3;206;4;4
Portal do Sol;R$ 1.100;1;20;1;1
Cabo Branco;R$ 4.500;4;145;2;4
Manaíra;R$ 250;1;35;1;1
Manaíra;R$ 220;1;32;1;1
Manaíra;R$ 260;1;35;1;1
Manaíra;R$ 250;1;35;1;1
Manaíra;R$ 260;1;38;1;1
Manaíra;R$ 2.300;2;54;1;2
Tambaú;R$ 3.200;3;80;1;2
Manaíra;R$ 1.950;1;45;1;1
Jardim Veneza;R$ 380;2;62;1;1
